city,dataset_id,dataset_no,name,theme,has_location,has_time,has_numeric,data_type,main_usage,cross_city_pair,priority_score,raw_theme,service_category,dataset_type,provider_level_1,provider_level_2,provider,update_frequency,format,language,published_at,access_url,description,fields,theme_score_detail
newtaipei,47CCF63F-733F-422D-AB20-5B50E8A6F983,,新北市公共藝術,文化共融,True,True,False,area,文化活動與觀光資源分布,True,4,文化,休閒旅遊,,,,新北市政府文化局/文化設施科/設施營運股,每年,JSON、CSV、XML,中文,,https://data.ntpc.gov.tw/datasets/47ccf63f-733f-422d-ab20-5b50e8a6f983,此資料為新北市公共藝術一覽，標明創作者、設置地點、作品類型、作品材質等資訊。,,智慧通勤:0; 韌性防災:0; 永續環境:0; 食安健康:0; 勞動福祉:0; 文化共融:4
newtaipei,4A03827A-588B-4058-AB21-EC02283E2BB7,,新北市政府公報閱覽地點,文化共融,True,True,False,area,文化活動與觀光資源分布,True,4,資訊,公共資訊,,,,新北市政府秘書處/文書科,不更新,JSON、CSV、XML,中文,,https://data.ntpc.gov.tw/datasets/4a03827a-588b-4058-ab21-ec02283e2bb7,新北市政府公報出版品實體刊物於新北市各轄區圖書館閱覽室及特定公眾圖書館閱覽室提供閱覽。</br>,,智慧通勤:0; 韌性防災:0; 永續環境:0; 食安健康:0; 勞動福祉:0; 文化共融:1
newtaipei,FC30F585-66D9-4233-A65E-C650D177EBFE,,新北市有機農場,文化共融,True,True,False,point,文化活動與觀光資源分布,True,4,農業,休閒旅遊,,,,新北市政府農業局/農牧經營管理科,每年,JSON、CSV、XML、KML,中文,,https://data.ntpc.gov.tw/datasets/fc30f585-66d9-4233-a65e-c650d177ebfe,"新北市有機農場資料,含地址、電話及經營者名稱等資料",,智慧通勤:0; 韌性防災:0; 永續環境:0; 食安健康:0; 勞動福祉:0; 文化共融:1
newtaipei,B95D126D-4EE7-40F1-828C-22591CF0FF86,,新北市河濱公園行動餐車位置,文化共融,True,True,True,area,文化活動與觀光資源分布,False,4,觀光,休閒旅遊,,,,新北市政府水利局/新北市政府高灘地工程管理處/營運企劃科,不更新,JSON、CSV、XML,中文,,https://data.ntpc.gov.tw/datasets/b95d126d-4ee7-40f1-828c-22591cf0ff86,新北市河濱公園行動餐車，是仿效「國道休息站」方式把河濱公園單車道看成高速公路，行動餐車變成單車騎士的「休息站」，選擇設置地點於各定點路橋下，提供多樣化輕食，並一旁搭配設置單車租借維修站，以及流動廁所等公共設施，提供民眾更友善、多元的遊憩空間，藉此提升自行車道的品質。,,智慧通勤:2; 韌性防災:0; 永續環境:0; 食安健康:0; 勞動福祉:0; 文化共融:4
taipei,5d54376a-591d-431f-95cb-79d44f8228b2,00002891,臺北市公共藝術,文化共融,True,True,False,point,文化活動與觀光資源分布,True,4,文化,公共資訊,原始資料,文化局,,文化局,不定期更新,JSON,中文,2020-11-13T00:00:00,https://publicart.taipei/service/artgetdata.ashx?District_tw=&completeinstallYear=&site_tw=,臺北市公共藝術資訊,序號、行政區、設置完成年度、作品名稱、作者、作品類型、設置地址/地點、設置單位/管理單位,智慧通勤:0; 韌性防災:0; 永續環境:0; 食安健康:0; 勞動福祉:0; 文化共融:3
taipei,f2e08857-4bde-4ae1-a6b5-d0778564e852,00001157,臺北市公私立游泳池及救生員位置及相關資訊,文化共融,True,True,True,point,文化活動與觀光資源分布,False,4,觀光,公共資訊,原始資料,體育局,,體育局,每1年,CSV,中文,2017-01-05T00:00:00,/api/dataset/f2e08857-4bde-4ae1-a6b5-d0778564e852/resource/17db3c4f-30bd-48be-94b8-124a0eb3ce79/download,臺北市公私立游泳池及救生員位置及相關資訊統計,編號、經度、緯度、廠商名稱_市招、經營主體、電話、分機、地址,智慧通勤:0; 韌性防災:0; 永續環境:0; 食安健康:0; 勞動福祉:0; 文化共融:3
taipei,452ee8bd-6a2a-4f52-881b-3997c55f2f8a,00001017,臺北市合法資訊休閒業者清冊,文化共融,True,True,False,point,文化活動與觀光資源分布,True,4,觀光,休閒旅遊,原始資料,產業局,商業處,產業局商業處,不定期更新,CSV,中文,2021-09-17T00:00:00,/api/dataset/452ee8bd-6a2a-4f52-881b-3997c55f2f8a/resource/9c12f3ba-fd80-40e2-9660-9f692973371a/download,臺北市內合法資訊休閒業者清冊,序號、統編、名稱、營業地址、負責人、經度、緯度,智慧通勤:0; 韌性防災:0; 永續環境:0; 食安健康:0; 勞動福祉:0; 文化共融:4
taipei,d8a7da0b-f5d5-43a8-8b25-6db7db5ca63d,00000415,臺北市市政網站整合平台之熱門活動,文化共融,True,True,True,point,文化活動與觀光資源分布,False,4,資訊,公共資訊,原始資料,資訊局,,資訊局,每1日,JSON,中文,2019-01-01T00:00:00,https://www.gov.taipei/OpenData.aspx?SN=DD102593FDB1A032,臺北市政府市政網站整合平台之熱門活動最新50筆資料,DataSN、ArticleType、FileName、Link、Source、title、內容、主辦單位、活動開始時間、活動結束時間、協辦單位、聯絡人、聯絡電話、連絡e-mail、地點、活動地址、報名方式、限制對象、人數限制、費用、購票資訊、發布單位(科室)、類別、相關檔案、title、url、相關連結、相關圖片、相關影音、活動地點經緯度、發布單位,智慧通勤:0; 韌性防災:0; 永續環境:0; 食安健康:0; 勞動福祉:0; 文化共融:1
taipei,215345fa-4364-471c-9cf9-140def405523,00000523,臺北市市民農園承租資訊,文化共融,True,True,True,point,文化活動與觀光資源分布,False,4,農業,休閒旅遊,原始資料,產業局,,產業局,不定期更新,CSV,中文,2015-05-15T00:00:00,/api/dataset/215345fa-4364-471c-9cf9-140def405523/resource/5344ee0f-d33c-44f3-bc0a-96711d9d6e91/download,臺北市市民農園承租資訊。,"農園名稱、地址、園主、電話、租位-數量
",智慧通勤:0; 韌性防災:0; 永續環境:0; 食安健康:0; 勞動福祉:0; 文化共融:1
taipei,918de6a9-3668-4172-8756-61e59f920e73,00001152,臺北市所轄公立高中職以下有游泳池學校一覽表,文化共融,True,True,True,area,文化活動與觀光資源分布,False,4,教育,休閒旅遊,原始資料,教育局,,教育局,不定期更新,CSV,中文,2016-12-30T00:00:00,/api/dataset/918de6a9-3668-4172-8756-61e59f920e73/resource/39eb003b-c9fd-48dd-8305-97b540fcc520/download,臺北市所轄公立高中職以下有游泳池學校一覽表，有學校配置救生員員額，泳池面積,郵遞區號、行政區、單位名稱、泳池種類（1.冷水池；2.溫水池；3.新建中）、開放狀態（1.對外開放；2.未開放）、營運模式（1.委外；2.自營；3.部分時段委外）、長（m）、寬（m）、面積、配置救生員人數,智慧通勤:0; 韌性防災:0; 永續環境:0; 食安健康:0; 勞動福祉:0; 文化共融:1
taipei,6cda8d55-c0f4-4ecf-8468-36a514986765,00002497,臺北市政府客家事務委員會辦理客家文化活動統計,文化共融,True,True,True,area,文化活動與觀光資源分布,False,4,族群,公共資訊,原始資料,客委會,,客委會,不定期更新,CSV,中文,2020-11-06T00:00:00,/api/dataset/6cda8d55-c0f4-4ecf-8468-36a514986765/resource/12164d3f-fca4-4e2e-a217-5e24cfadc8c9/download,客家文化活動統計之資料,年度/月、場次數量、參與人次數量、資料提供、活動辦理地點、省市縣市鄉鎮區代碼,智慧通勤:0; 韌性防災:0; 永續環境:0; 食安健康:0; 勞動福祉:0; 文化共融:2
taipei,61feef1a-b2f2-44e6-9d2a-2d233c1a6653,00002498,臺北市政府客家事務委員會辦理客家文化研習班概況,文化共融,True,True,True,area,文化活動與觀光資源分布,False,4,族群,公共資訊,原始資料,客委會,,客委會,不定期更新,CSV,中文,2020-11-06T00:00:00,/api/dataset/61feef1a-b2f2-44e6-9d2a-2d233c1a6653/resource/eb003e77-a11c-49d9-afbb-2189c440251d/download,北市府客委會辦理客家文化研習班概況,108年期別及課程類別、班級數量、總計男數量、總計女數量、開課區域、開課地點、省市縣市鄉鎮市區代碼,智慧通勤:0; 韌性防災:0; 永續環境:0; 食安健康:0; 勞動福祉:0; 文化共融:1
taipei,99d0584a-34dc-46dd-93c9-75ea667d2a02,00000046,臺北市政府體育局自營運動場館,文化共融,True,True,True,point,文化活動與觀光資源分布,False,4,觀光,休閒旅遊,原始資料,體育局,,體育局,每1年,CSV,中文,2012-01-04T00:00:00,/api/dataset/99d0584a-34dc-46dd-93c9-75ea667d2a02/resource/14330a8e-d823-44a3-933b-10bb704473be/download,臺北市政府體育局自營運動場館統計,名稱、郵遞區號、地址、緯度、經度,智慧通勤:0; 韌性防災:0; 永續環境:0; 食安健康:0; 勞動福祉:0; 文化共融:4
taipei,46119295-2534-4ac9-82d5-5f4653ba15bb,00000326,臺北市文化資產,文化共融,True,True,False,area,文化活動與觀光資源分布,True,4,文化,公共資訊,原始資料,文化局,,文化局,不定期更新,CSV,中文,2012-01-09T00:00:00,/api/dataset/46119295-2534-4ac9-82d5-5f4653ba15bb/resource/7ddefbf9-01e5-4365-b5b6-db0a28043108/download,文化資產,個案名稱、資產類別、資產種類、所屬主管機關、機關代碼、所在地理區域、縣市別代碼,智慧通勤:0; 韌性防災:0; 永續環境:0; 食安健康:0; 勞動福祉:0; 文化共融:3
taipei,32aea2da-14a7-47b6-a687-57e29c1ad4a7,00000513,臺北市有機農場,文化共融,True,True,False,point,文化活動與觀光資源分布,True,4,農業,休閒旅遊,原始資料,產業局,,產業局,不定期更新,CSV,中文,2015-05-15T00:00:00,/api/dataset/32aea2da-14a7-47b6-a687-57e29c1ad4a7/resource/cb8bccd9-81e1-4e20-835e-a04080037f1e/download,臺北市取得有機驗證之有機農場名單。,編號、農場名稱、農友姓名、通訊地址、認證字號、面積（公頃）、食農教育體驗、飼養蜜蜂、飼養雞隻、備註,智慧通勤:0; 韌性防災:0; 永續環境:0; 食安健康:0; 勞動福祉:0; 文化共融:1
taipei,d1130d22-816c-40a4-a954-365909d4605c,00001196,臺北市水域遊憩活動告示牌地點,文化共融,True,True,True,area,文化活動與觀光資源分布,False,4,觀光,休閒旅遊,原始資料,觀傳局,,觀傳局,不定期更新,CSV,中文,2017-02-17T00:00:00,/api/dataset/d1130d22-816c-40a4-a954-365909d4605c/resource/51664ec5-980d-404a-a749-35917859f99f/download,水域遊憩活動告示牌地點一覽表,告示牌編號、位置、數量、縣市別、縣市代碼,智慧通勤:0; 韌性防災:0; 永續環境:0; 食安健康:0; 勞動福祉:0; 文化共融:5
taipei,b84ade10-be47-461c-8cb9-bef1f5b42934,00029737,臺北市立圖書館贈書處理業務,文化共融,True,True,True,point,文化活動與觀光資源分布,False,4,教育,求學及進修,原始資料,教育局,,教育局,不定期更新,CSV,中文,2022-09-15T00:00:00,/api/dataset/b84ade10-be47-461c-8cb9-bef1f5b42934/resource/069465ab-a62d-4b0f-8138-d533802aac75/download,提供臺北市立圖書館贈書處理業務,序號、資料類型、數量、轉贈單位、郵遞區號、地址,智慧通勤:0; 韌性防災:0; 永續環境:0; 食安健康:0; 勞動福祉:0; 文化共融:1
taipei,53d78a0d-a59a-4d3d-a31e-a1cc99864d7c,00032682,臺北市置物櫃資訊,文化共融,True,True,True,point,文化活動與觀光資源分布,False,4,觀光,公共資訊,原始資料,捷運公司,,捷運公司,不定期更新,"CSV,CSV,CSV,CSV",中文,2024-07-17T00:00:00,"https://data.taipei/api/frontstage/tpeod/dataset/resource.download?rid=f117e65c-8a7a-4696-82ad-a67a0f1fb5a4,https://data.taipei/api/frontstage/tpeod/dataset/resource.download?rid=aced7eaa-d657-418c-9d11-b46e58e04f11,https://data.taipei/api/frontstage/tpeod/dataset/resource.download?rid=d780d492-d6dc-414d-968d-24092a8c9432,https://data.taipei/api/frontstage/tpeod/dataset/resource.download?rid=87935515-e8af-423b-8772-67c5b50ed2dd","彙整臺北市捷運站、臺北大眾捷運公司、臺北市政府文化局、臺北自來水事業處管轄場域提供物櫃之地點、規格、數量、開放使用時間及收費等相關資訊。

",地點名稱、縣市、行政區、地址、置物櫃位置、置物櫃寬度[公分]、置物櫃高度[公分]、置物櫃深度[公分]、收費方式、收費方式[現金]、收費方式[電子票證]、收費方式[行動支付]、費用金額[新臺幣元]、費用[計價單位]、置物櫃數量、開放時間[週]、開放起始時間[日]、開放結束時間[日]、開放規定說明、主辦機關、主辦單位、服務廠商、聯絡電話、外觀照片網址、位置圖網址、相關網頁網址、備註,智慧通勤:1; 韌性防災:0; 永續環境:0; 食安健康:0; 勞動福祉:0; 文化共融:4
taipei,d2db2371-4bca-44cb-ac61-9a50e80c1873,00003334,體育局列管臺北市各類運動場館一覽表,文化共融,True,True,True,point,文化活動與觀光資源分布,False,4,觀光,休閒旅遊,原始資料,體育局,,體育局,每1年,CSV,中文,2020-12-15T00:00:00,/api/dataset/d2db2371-4bca-44cb-ac61-9a50e80c1873/resource/112521a2-7ee3-4c15-8495-9ddb3278ce75/download,體育局列管臺北市各類運動場館一覽表統計,編號、行政區、廠商名稱〈市招〉、所屬單位、經營主體、市話、分機、行動電話、地址、經度、緯度、備註,智慧通勤:0; 韌性防災:0; 永續環境:0; 食安健康:0; 勞動福祉:0; 文化共融:4
newtaipei,DEB37D64-264A-48F3-B3D6-978A98D22C68,,新北市公共自行車租借站及價格(新版),文化共融,True,True,False,area,文化活動與觀光資源分布,False,3,觀光,休閒旅遊,,,,新北市政府水利局/新北市政府高灘地工程管理處/營運企劃科,每年,JSON、CSV、XML,中文,,https://data.ntpc.gov.tw/datasets/deb37d64-264a-48f3-b3d6-978a98d22c68,資料由新北市政府高灘地工程管理處所提供主要欄位包含了出租日類型、租借站名稱、電話、位置、營運時間、現場借用一小時淑女/幼童車(平日/假日)、現場借用二小時淑女/幼童車(平日/假日)、現場借用六小時淑女/幼童車(平日/假日)、現場借用一小時變速車、現場借用二小時變速車、現場借用六小時變速車、現場借用一小時高級變速車/協力車、現場借用二小時高級變速車/協力車、現場借用六小時高級變速車/協力車、甲借乙還四小時以內淑女/幼童車(平日/假日)、甲借乙還四小時以內變速車、甲借乙還四小時以內高級變速車/協力車、甲借乙還四小時以後淑女/幼童車(平日/假日)、甲借乙還四小時以後變速車、甲借乙還四小時以後高級變速車/協力車價位等  ,,智慧通勤:1; 韌性防災:0; 永續環境:0; 食安健康:0; 勞動福祉:0; 文化共融:4
newtaipei,DF63A853-ABA9-4EC1-BD28-E74459E5D5C5,,新北市博物館家族清單,文化共融,True,True,False,point,文化活動與觀光資源分布,False,3,文化,休閒旅遊,,,,新北市政府文化局/文化發展科/文化產業股,每年,JSON、CSV、XML、KML,中文,,https://data.ntpc.gov.tw/datasets/df63a853-aba9-4ec1-bd28-e74459e5d5c5,新北市博物館家族名稱、地址、電話等聯絡資訊,,智慧通勤:0; 韌性防災:0; 永續環境:0; 食安健康:0; 勞動福祉:0; 文化共融:5
newtaipei,8565597E-A174-4907-99C7-ADB5DDEE1326,,新北市合法一般旅館名冊,文化共融,True,True,False,point,文化活動與觀光資源分布,False,3,觀光,休閒旅遊,,,,新北市政府觀光旅遊局/觀光企劃科,每季,JSON、CSV、XML,中文,,https://data.ntpc.gov.tw/datasets/8565597e-a174-4907-99c7-adb5ddee1326,"新北市合法一般旅館名冊，其資料包含旅館名稱、電話、地址、座標、房間數及價格等資訊。
",,智慧通勤:0; 韌性防災:0; 永續環境:0; 食安健康:0; 勞動福祉:0; 文化共融:4
newtaipei,137E071B-F315-43BB-ADC8-90FAFA014C4A,,新北市合法民宿名冊,文化共融,True,True,False,point,文化活動與觀光資源分布,False,3,觀光,休閒旅遊,,,,新北市政府觀光旅遊局/觀光企劃科,每季,JSON、CSV、XML,中文,,https://data.ntpc.gov.tw/datasets/137e071b-f315-43bb-adc8-90fafa014c4a,新北市合法民宿名冊，其資料包含民宿名稱、電話、地址、座標、價格等資訊。,,智慧通勤:0; 韌性防災:0; 永續環境:0; 食安健康:0; 勞動福祉:0; 文化共融:4
newtaipei,E18C9C8C-E8D6-45EE-8ED0-37204E8B3D12,,新北市客家文化園區DIY課程一覽表,文化共融,True,True,False,point,文化活動與觀光資源分布,False,3,教育,休閒旅遊,,,,新北市政府客家事務局/秘書室,每年,JSON、CSV、XML,中文,,https://data.ntpc.gov.tw/datasets/e18c9c8c-e8d6-45ee-8ed0-37204e8b3d12,"歡迎來電洽詢
上課教室：新北市客家文化園區研習教室
地址：新北市三峽區隆恩街239號
連絡電話：02-2672-9996",,智慧通勤:0; 韌性防災:0; 永續環境:0; 食安健康:0; 勞動福祉:0; 文化共融:2
newtaipei,51C9BEE4-5397-40C5-801B-53CB76374A48,,新北市市民農園,文化共融,True,True,False,point,文化活動與觀光資源分布,False,3,農業,休閒旅遊,,,,新北市政府農業局/秘書室,每年,JSON、CSV、XML,中文,,https://data.ntpc.gov.tw/datasets/51c9bee4-5397-40c5-801b-53cb76374a48,「市民農園」土地來源為閒置農地，輔導農會推動設置或改善充實市民農園設施。市民農園資料包括地址、成立時間、面積及承租戶數。,,智慧通勤:0; 韌性防災:0; 永續環境:0; 食安健康:0; 勞動福祉:0; 文化共融:1
newtaipei,F7A3961E-11C9-46B0-875A-285ACAF34245,,新北市政府文化局藝文空間一覽表,文化共融,True,True,False,point,文化活動與觀光資源分布,False,3,文化,休閒旅遊,,,,新北市政府文化局/藝術展演科/視覺藝術股,不更新,JSON、CSV、XML、KML,中文,,https://data.ntpc.gov.tw/datasets/f7a3961e-11c9-46b0-875a-285acaf34245,新北市政府文化局藝文空間之開放時間、地址、電話等聯絡資訊,,智慧通勤:0; 韌性防災:0; 永續環境:0; 食安健康:0; 勞動福祉:0; 文化共融:5
newtaipei,0351D41C-EF33-44DA-BC3C-A64AF58DDB91,,新北市文化基金會一覽表,文化共融,True,True,False,point,文化活動與觀光資源分布,False,3,文化,公共資訊,,,,新北市政府文化局/文化發展科/綜合企劃股,每年,JSON、CSV、XML,中文,,https://data.ntpc.gov.tw/datasets/0351d41c-ef33-44da-bc3c-a64af58ddb91,新北市文化藝術財團法人之名稱、地址等資料,,智慧通勤:0; 韌性防災:0; 永續環境:0; 食安健康:0; 勞動福祉:0; 文化共融:3
newtaipei,88C57F8A-31DF-4DAC-A81A-B8B22B8744B6,,新北市旅遊服務中心資訊,文化共融,True,True,False,point,文化活動與觀光資源分布,False,3,觀光,休閒旅遊,,,,新北市政府觀光旅遊局/觀光企劃科,每年,JSON、CSV、XML,中文,,https://data.ntpc.gov.tw/datasets/88c57f8a-31df-4dac-a81a-b8b22b8744b6,新北市旅遊服務中心資訊，其資料包含名稱、電話、(郵遞區號)地址及營運時間。,,智慧通勤:0; 韌性防災:0; 永續環境:0; 食安健康:0; 勞動福祉:0; 文化共融:4
newtaipei,60D18399-A0F3-4C31-BF21-CEABFDC04CE7,,新北市旅館民宿業者(中文),文化共融,True,True,False,point,文化活動與觀光資源分布,False,3,觀光,休閒旅遊,,,,新北市政府觀光旅遊局/觀光企劃科,每日,JSON、CSV、XML、KML,中文,,https://data.ntpc.gov.tw/datasets/60d18399-a0f3-4c31-bf21-ceabfdc04ce7,提供新北市觀光旅遊網中的旅館民宿業資料，包含旅館民宿店家的名稱、簡介、電話、地址、座標等資料(中文),,智慧通勤:0; 韌性防災:0; 永續環境:0; 食安健康:0; 勞動福祉:0; 文化共融:4
newtaipei,9862D577-B695-4D58-BEC3-7259ACCA3C51,,新北市旅館民宿業者(日文),文化共融,True,True,False,point,文化活動與觀光資源分布,False,3,觀光,休閒旅遊,,,,新北市政府觀光旅遊局/觀光企劃科,每日,JSON、CSV、XML,日文,,https://data.ntpc.gov.tw/datasets/9862d577-b695-4d58-bec3-7259acca3c51,提供新北市觀光旅遊網中的旅館民宿業資料，包含旅館民宿店家的名稱、簡介、電話、地址、座標等資料(日文),,智慧通勤:0; 韌性防災:0; 永續環境:0; 食安健康:0; 勞動福祉:0; 文化共融:4
newtaipei,207A41AF-E6D5-4098-B6AB-91EB51E94850,,新北市旅館民宿業者(英文),文化共融,True,True,False,point,文化活動與觀光資源分布,False,3,觀光,休閒旅遊,,,,新北市政府觀光旅遊局/觀光企劃科,每日,JSON、CSV、XML,英文,,https://data.ntpc.gov.tw/datasets/207a41af-e6d5-4098-b6ab-91eb51e94850,提供新北市觀光旅遊網中的旅館民宿業資料，包含旅館民宿店家的名稱、簡介、電話、地址、座標等資料(英文),,智慧通勤:0; 韌性防災:0; 永續環境:0; 食安健康:0; 勞動福祉:0; 文化共融:4
newtaipei,F5F1F361-255D-4DB9-8165-DB46C49464B4,,新北市旅館民宿業者(韓文),文化共融,True,True,False,point,文化活動與觀光資源分布,False,3,觀光,休閒旅遊,,,,新北市政府觀光旅遊局/觀光企劃科,每日,JSON、CSV、XML,韓文,,https://data.ntpc.gov.tw/datasets/f5f1f361-255d-4db9-8165-db46c49464b4,提供新北市觀光旅遊網中的旅館民宿業資料，包含旅館民宿店家的名稱、簡介、電話、地址、座標等資料(韓文),,智慧通勤:0; 韌性防災:0; 永續環境:0; 食安健康:0; 勞動福祉:0; 文化共融:4
newtaipei,5C581667-4CC3-4AF0-AF6E-18649BC93C3B,,新北市禁止或限制水域遊憩活動區域,文化共融,True,True,False,point,文化活動與觀光資源分布,False,3,觀光,休閒旅遊,,,,新北市政府觀光旅遊局/觀光企劃科,不更新,JSON、CSV、XML,中文,,https://data.ntpc.gov.tw/datasets/5c581667-4cc3-4af0-af6e-18649bc93c3b,新北市禁止或限制水域遊憩活動區域，包含資料座標、主管機關、法令依據與罰則,,智慧通勤:0; 韌性防災:0; 永續環境:0; 食安健康:0; 勞動福祉:0; 文化共融:5
newtaipei,64025643-34BF-489D-AC5C-13B90DDD7629,,新北市立博物館群,文化共融,True,True,False,point,文化活動與觀光資源分布,False,3,文化,休閒旅遊,,,,新北市政府文化局/文化發展科/文化產業股,每年,JSON、CSV、XML、KML,中文,,https://data.ntpc.gov.tw/datasets/64025643-34bf-489d-ac5c-13b90ddd7629,新北市立博物館群地址資訊。,,智慧通勤:0; 韌性防災:0; 永續環境:0; 食安健康:0; 勞動福祉:0; 文化共融:5
newtaipei,6BE524A8-EF72-4CD7-82DE-E75C9F46821D,,新北市立圖書館地址電話一覽表,文化共融,True,True,False,point,文化活動與觀光資源分布,False,3,文化,求學及進修,,,,新北市政府文化局/新北市立圖書館/綜合規劃組,不更新,JSON、CSV、XML,中文,,https://data.ntpc.gov.tw/datasets/6be524a8-ef72-4cd7-82de-e75c9f46821d,新北市各圖書館名稱、地址及電話資料,,智慧通勤:0; 韌性防災:0; 永續環境:0; 食安健康:0; 勞動福祉:0; 文化共融:4
newtaipei,996A600D-FD74-4A49-92D3-9464D2606E3F,,新北市自行車道資料,文化共融,True,True,False,area,文化活動與觀光資源分布,False,3,觀光,交通及通訊,,,,新北市政府水利局/新北市政府高灘地工程管理處/工程施工科,每年,JSON、CSV、XML,中文,,https://data.ntpc.gov.tw/datasets/996a600d-fd74-4a49-92d3-9464d2606e3f,此為新北市水利局所提供之自行車道出入口資料，內有二重疏洪道及淡水河畔、大漢溪、基隆河段、淡水八里區、新店溪及橫移門等資料。,,智慧通勤:2; 韌性防災:0; 永續環境:0; 食安健康:0; 勞動福祉:0; 文化共融:3
newtaipei,B3A30A19-4B89-4DA2-8D99-18200DC5DFDE,,新北市觀光旅遊景點(中文),文化共融,True,True,False,point,文化活動與觀光資源分布,False,3,觀光,休閒旅遊,,,,新北市政府觀光旅遊局/觀光企劃科,每日,JSON、CSV、XML,中文,,https://data.ntpc.gov.tw/datasets/b3a30a19-4b89-4da2-8d99-18200dc5dfde,提供新北市觀光旅遊網中的景點資料，包含景點的名稱、簡介、電話、地址、座標等資料(中文),,智慧通勤:0; 韌性防災:0; 永續環境:0; 食安健康:0; 勞動福祉:0; 文化共融:5
newtaipei,A595D0FB-88B5-4153-8493-E89A78F8F244,,新北市觀光旅遊景點(日文),文化共融,True,True,False,point,文化活動與觀光資源分布,False,3,觀光,休閒旅遊,,,,新北市政府觀光旅遊局/觀光企劃科,每日,JSON、CSV、XML,日文,,https://data.ntpc.gov.tw/datasets/a595d0fb-88b5-4153-8493-e89a78f8f244,提供新北市觀光旅遊網中的景點資料，包含景點的名稱、簡介、電話、地址、座標等資料(日文),,智慧通勤:0; 韌性防災:0; 永續環境:0; 食安健康:0; 勞動福祉:0; 文化共融:5
newtaipei,C00B7482-64C0-46CC-BB34-2B2BBCB2C9E0,,新北市觀光旅遊景點(英文),文化共融,True,True,False,point,文化活動與觀光資源分布,False,3,觀光,休閒旅遊,,,,新北市政府觀光旅遊局/觀光企劃科,每日,JSON、CSV、XML,英文,,https://data.ntpc.gov.tw/datasets/c00b7482-64c0-46cc-bb34-2b2bbcb2c9e0,提供新北市觀光旅遊網中的景點資料，包含景點的名稱、簡介、電話、地址、座標等資料(英文),,智慧通勤:0; 韌性防災:0; 永續環境:0; 食安健康:0; 勞動福祉:0; 文化共融:5
newtaipei,BA9C6F4D-F285-48E1-A3CF-15AB0DDC31AB,,新北市觀光旅遊景點(韓文),文化共融,True,True,False,point,文化活動與觀光資源分布,False,3,觀光,休閒旅遊,,,,新北市政府觀光旅遊局/觀光企劃科,每日,JSON、CSV、XML,韓文,,https://data.ntpc.gov.tw/datasets/ba9c6f4d-f285-48e1-a3cf-15ab0ddc31ab,提供新北市觀光旅遊網中的景點資料，包含景點的名稱、簡介、電話、地址、座標等資料(韓文),,智慧通勤:0; 韌性防災:0; 永續環境:0; 食安健康:0; 勞動福祉:0; 文化共融:5
newtaipei,8E64B205-A100-4A9A-BD76-8E362761FD61,,新北市餐飲業者(中文-106年更新),文化共融,True,True,False,point,文化活動與觀光資源分布,False,3,觀光,休閒旅遊,,,,新北市政府觀光旅遊局/觀光企劃科,每日,JSON、CSV、XML,中文,,https://data.ntpc.gov.tw/datasets/8e64b205-a100-4a9a-bd76-8e362761fd61,提供新北市觀光旅遊網中的餐廳飲食業資料，包含餐廳飲食店家的名稱、簡介、電話、地址、座標等資料(中文),,智慧通勤:0; 韌性防災:0; 永續環境:0; 食安健康:0; 勞動福祉:0; 文化共融:4
newtaipei,B84C2159-4305-4FD2-BBA7-8FBE74E6972A,,新北市餐飲業者(日文),文化共融,True,True,False,point,文化活動與觀光資源分布,False,3,觀光,休閒旅遊,,,,新北市政府觀光旅遊局/觀光企劃科,每日,JSON、CSV、XML,日文,,https://data.ntpc.gov.tw/datasets/b84c2159-4305-4fd2-bba7-8fbe74e6972a,提供新北市觀光旅遊網中的餐廳飲食業資料，包含餐廳飲食店家的名稱、簡介、電話、地址、座標等資料(日文),,智慧通勤:0; 韌性防災:0; 永續環境:0; 食安健康:0; 勞動福祉:0; 文化共融:4
newtaipei,03674C50-9A22-40FF-ACB2-52F912F67C72,,新北市餐飲業者(英文),文化共融,True,True,False,point,文化活動與觀光資源分布,False,3,觀光,休閒旅遊,,,,新北市政府觀光旅遊局/觀光企劃科,每日,JSON、CSV、XML,英文,,https://data.ntpc.gov.tw/datasets/03674c50-9a22-40ff-acb2-52f912f67c72,提供新北市觀光旅遊網中的餐廳飲食業資料，包含餐廳飲食店家的名稱、簡介、電話、地址、座標等資料(英文),,智慧通勤:0; 韌性防災:0; 永續環境:0; 食安健康:0; 勞動福祉:0; 文化共融:4
newtaipei,CADEC51C-F83A-4544-A2C8-14ED75D783F4,,新北市餐飲業者(韓文),文化共融,True,True,False,point,文化活動與觀光資源分布,False,3,觀光,休閒旅遊,,,,新北市政府觀光旅遊局/觀光企劃科,每日,JSON、CSV、XML,韓文,,https://data.ntpc.gov.tw/datasets/cadec51c-f83a-4544-a2c8-14ed75d783f4,提供新北市觀光旅遊網中的餐廳飲食業資料，包含餐廳飲食店家的名稱、簡介、電話、地址、座標等資料(韓文),,智慧通勤:0; 韌性防災:0; 永續環境:0; 食安健康:0; 勞動福祉:0; 文化共融:4
taipei,7eec2e8f-02f9-4100-9171-66f6667b8b3d,00029903,112年度美食在台北「鍋際大賞」店家名單,文化共融,True,True,False,point,文化活動與觀光資源分布,False,3,觀光,休閒旅遊,網路服務,產業局,商業處,產業局商業處,不定期更新,CSV,中文,2022-12-14T00:00:00,/api/dataset/7eec2e8f-02f9-4100-9171-66f6667b8b3d/resource/9a0ad3e0-9d5f-4c4b-9ab1-28bd6ad2d357/download,112年度美食在台北「鍋際大賞」店家清冊,序號、區域、店家、報名組別、營業地址、Longitude、Latitude,智慧通勤:0; 韌性防災:0; 永續環境:0; 食安健康:0; 勞動福祉:0; 文化共融:4
taipei,bf51fdc3-6823-427a-8713-5e2471dec597,00000303,中山堂演出訊息,文化共融,True,True,False,area,文化活動與觀光資源分布,False,3,文化,公共資訊,原始資料,文化局,中山堂,文化局中山堂,每3月,CSV,中文,2021-01-20T00:00:00,/api/dataset/bf51fdc3-6823-427a-8713-5e2471dec597/resource/983810cb-d03a-4505-b73b-460eaca28ae4/download,"演出日期：供民眾查詢演出日期起迄
演出時間：供民眾查詢演出時間起迄
節目名稱：供民眾查詢檢索節目名稱
演出單位：供民眾查詢檢索演出單位
相關網址：供民眾LINK相關網址
演出地點：供民眾查詢檢索演出地點廳別
入場方式：供民眾查詢費用與否
售票系統：供民眾查詢檢索售票系統
內容摘要：供民眾查詢檢索內容摘要",演出日期、演出時間、節目名稱、演出單位、相關網址、演出地點、入場方式、售票系統、內容摘要,智慧通勤:0; 韌性防災:0; 永續環境:0; 食安健康:0; 勞動福祉:0; 文化共融:4
taipei,d807396c-e41f-4005-be42-0160280783a1,00032095,友善店家清冊（繁體中文）；Friendly stores list (English),文化共融,True,True,False,point,文化活動與觀光資源分布,False,3,觀光,休閒旅遊,原始資料,產業局,商業處,產業局商業處,不定期更新,"CSV,CSV",中文,2023-12-28T00:00:00,"/api/dataset/d807396c-e41f-4005-be42-0160280783a1/resource/5a5b36e0-f870-4b7f-8378-c91ac5f57941/download,/api/dataset/d807396c-e41f-4005-be42-0160280783a1/resource/ea1dba51-513d-4b43-bb1a-78cc02363177/download",友善店家（含臺北市及非臺北市）彙整表（繁體中文）；Friendly stores list (English),"中文：
友善店家名稱、地址、經度、緯度、電話、簡介、英文友善（count）、日文友善（count）、韓文友善（count）、行動裝置充電（count）、無障礙友善（count）、性別友善（count）、便利支付（count）、素食友善（count）、友善廁所（count）、公平貿易友善（count）、Free WiFi（count）、自行車友善（count）、親子友善（count）、穆斯林友善（count）、月經友善（count）、友善項目總計、友善店家網站個別店家介紹網址
English:
Store Name、Address、Longitude、Latitude、Phone Number、Description、English-friendly（count）、Japanese-friendly（count）、Korean-friendly（count）、Mobile device recharging station（count）、Friendly accessibility（count）、Gender friendly（count）、Convenient payment (Credit Card / EasyCard / 3rd Party payment)（count）、Vegetarian friendly（count）、Friendly bathroom（count）、Fair Trade friendly（count）、Free WiFi（count）、Bicycle Friendly（count）、Breastfeeding (lactation) room（count）、 Muslim-friendly（count）、Period Friendly（count）、total、Taipei friendly stores Individual Website Introduction",智慧通勤:1; 韌性防災:0; 永續環境:0; 食安健康:0; 勞動福祉:0; 文化共融:4
taipei,2c4ad8f2-4cb5-4cd9-874d-62941d303285,00029346,臺北市12行政區新舊區名對照表_以1990年臺北市現行12行政區劃分前為基準,文化共融,True,True,False,area,文化活動與觀光資源分布,False,3,文化,公共資訊,原始資料,文化局,文獻館,文化局文獻館,不定期更新,CSV,中文,2022-06-14T00:00:00,/api/dataset/2c4ad8f2-4cb5-4cd9-874d-62941d303285/resource/8e3f43a1-6e53-4c35-b637-67849a3e1701/download,以1990年臺北市現行12行政區劃分前為基準臺北市12行政區新舊區名對照表,序號、行政區、舊行政區名、縣市別代碼、行政區域代碼,智慧通勤:0; 韌性防災:0; 永續環境:0; 食安健康:0; 勞動福祉:0; 文化共融:3
taipei,4d7d0b46-2e90-4ee7-b000-c0f2f3a37651,00003444,臺北市一般旅館名冊,文化共融,True,True,False,point,文化活動與觀光資源分布,False,3,觀光,休閒旅遊,網路服務,觀傳局,,觀傳局,每3月,CSV,中文,2020-12-24T00:00:00,/api/dataset/4d7d0b46-2e90-4ee7-b000-c0f2f3a37651/resource/3cea29db-66b1-4ab5-886c-4cafd3e1dcbc/download,臺北市合法一般旅館名冊,縣市代碼、專用標識編號、旅館名稱、電話或手機號碼、營業地址、客房最低定價、客房最高定價、房間數,智慧通勤:0; 韌性防災:0; 永續環境:0; 食安健康:0; 勞動福祉:0; 文化共融:4
taipei,35bc2cfb-8c10-4ae6-82a5-7e52adb54c11,00000517,臺北市休閒農場基本資料,文化共融,True,True,False,area,文化活動與觀光資源分布,False,3,農業,休閒旅遊,原始資料,產業局,,產業局,不定期更新,CSV,中文,2015-05-15T00:00:00,/api/dataset/35bc2cfb-8c10-4ae6-82a5-7e52adb54c11/resource/2bbc419c-d774-4bcf-812b-b87b6fd15abb/download,臺北市休閒農場基本資料。,序號、行政區域代碼、行政區、農場名稱、農場位置、場主姓名、聯絡電話,智慧通勤:0; 韌性防災:0; 永續環境:0; 食安健康:0; 勞動福祉:0; 文化共融:1
taipei,020a8fb8-1f08-4b2f-8da4-fde3cea384b7,00003174,臺北市借問站據點資訊,文化共融,True,True,False,point,文化活動與觀光資源分布,False,3,觀光,休閒旅遊,原始資料,觀傳局,,觀傳局,不定期更新,CSV,中文,2020-12-02T00:00:00,/api/dataset/020a8fb8-1f08-4b2f-8da4-fde3cea384b7/resource/6b15fb25-920c-43c6-bb13-f8fd18966612/download,臺北市借問站所在名稱及地址,縣市名稱、縣市代碼、借問站名稱、郵遞區號、地址,智慧通勤:0; 韌性防災:0; 永續環境:0; 食安健康:0; 勞動福祉:0; 文化共融:4
taipei,89bebb3a-990d-4070-bd67-631a575f6d4a,00001020,臺北市傳統市(商)場,文化共融,True,True,False,point,文化活動與觀光資源分布,False,3,經濟,休閒旅遊,原始資料,產業局,市場處,產業局市場處,每1年,CSV,中文,2020-07-12T00:00:00,/api/dataset/89bebb3a-990d-4070-bd67-631a575f6d4a/resource/35acfce1-2c4d-4c70-aa75-601cdab2b3f7/download,市集販賣內容簡介、座標(84),seqno(序號)、stitle(名稱)、xbody(內容)、xcreatedDate(建立日期)、xAddress(地址)、GTag_longitude(經度)、GTag_latitude(緯度),智慧通勤:0; 韌性防災:0; 永續環境:0; 食安健康:0; 勞動福祉:0; 文化共融:1
taipei,ea732fb5-4bec-4be7-93f2-8ab91e74a6c6,00000581,臺北市公園基本資料,文化共融,True,True,False,point,文化活動與觀光資源分布,False,3,工務,休閒旅遊,原始資料,工務局,公園處,工務局公園處,不定期更新,JSON,中文,2015-07-01T00:00:00,https://parks.gov.taipei/parks/api/,臺北市公園、綠地、廣場基本資料。,pm_name(公園名稱)、pm_overview(公園概述)、pm_Longitude(經度)、pm_Latitude(緯度)、pm_unit(管理單位)、pm_const_year(建造年度)、pm_location(公園位置)、pm_area(公園面積)、pm_opening_s(開放時間-開始)、pm_opening_e(開放時間-結束)、pm_libie(里別)、pm_phone(聯絡電話)、pm_sports(體健設施)、pm_recreation(遊樂設施)、pm_service(服務設施)、pm_other(古蹟設施)、pm_transit(交通資訊)、pm_name_eng(公園英文名稱)、pm_ecology(是否為生態公園)、pm_type(類別),智慧通勤:1; 韌性防災:0; 永續環境:0; 食安健康:0; 勞動福祉:0; 文化共融:2
taipei,d9d1140b-c2c3-405f-8dd1-7b87b00f6f53,00000322,臺北市受保護樹木,文化共融,True,True,False,point,文化活動與觀光資源分布,False,3,文化,公共資訊,原始資料,文化局,,文化局,不定期更新,CSV,中文,2012-01-09T00:00:00,/api/dataset/d9d1140b-c2c3-405f-8dd1-7b87b00f6f53/resource/a7c2db0d-8b6e-42b2-bdcc-ae69a6797e1d/download,受保護樹木,樹木編號、樹種名稱、樹種學名、樹胸徑寬度公尺、樹胸圍長度公尺、地址、緯度、經度、地理位置名稱、管理單位、英文名,智慧通勤:0; 韌性防災:0; 永續環境:0; 食安健康:0; 勞動福祉:0; 文化共融:3
taipei,80be7612-593f-4795-9935-a10ce0f7b75b,00000191,臺北市各區運動中心,文化共融,True,True,False,point,文化活動與觀光資源分布,False,3,觀光,休閒旅遊,原始資料,體育局,,體育局,每1年,CSV,中文,2012-01-04T00:00:00,/api/dataset/80be7612-593f-4795-9935-a10ce0f7b75b/resource/e7c46724-3517-4ce5-844f-5a4404897b7d/download,運動中心聯絡資訊,名稱、郵遞區號、地址、電話、網址、經度、緯度,智慧通勤:0; 韌性防災:0; 永續環境:0; 食安健康:0; 勞動福祉:0; 文化共融:4
taipei,dd0548f2-0372-4e4f-8c74-9a4121f27d35,00001019,臺北市合法八大行業業者清冊,文化共融,True,True,False,point,文化活動與觀光資源分布,False,3,觀光,休閒旅遊,原始資料,產業局,商業處,產業局商業處,不定期更新,CSV,中文,2021-09-17T00:00:00,/api/dataset/dd0548f2-0372-4e4f-8c74-9a4121f27d35/resource/f66e32c1-82df-4ef1-8b09-43d961bcc565/download,臺北市內合法八大行業業者清冊,序號、公司商業名稱、統一編號、負責人、經營行業、行政區、營業場所地址、經度、緯度,智慧通勤:0; 韌性防災:0; 永續環境:0; 食安健康:0; 勞動福祉:0; 文化共融:4
taipei,20774fbb-5671-4850-b307-af6b5976077d,00001018,臺北市合法電子遊戲場業者清冊,文化共融,True,True,False,point,文化活動與觀光資源分布,False,3,觀光,休閒旅遊,原始資料,產業局,商業處,產業局商業處,不定期更新,CSV,中文,2021-09-17T00:00:00,/api/dataset/20774fbb-5671-4850-b307-af6b5976077d/resource/6a95357f-e76a-4cc0-84f6-27e550ced5e5/download,臺北市內合法電子遊戲場業者清冊,序號、公司/商業名稱、 統一編號、行政區、 營業場所地址、備註,智慧通勤:0; 韌性防災:0; 永續環境:0; 食安健康:0; 勞動福祉:0; 文化共融:4
taipei,52da1174-0d77-434b-88c3-e77b008e8624,00003277,臺北市商圈介紹,文化共融,True,True,False,area,文化活動與觀光資源分布,False,3,經濟,休閒旅遊,原始資料,產業局,商業處,產業局商業處,不定期更新,CSV,中文,2021-09-11T00:00:00,/api/dataset/52da1174-0d77-434b-88c3-e77b008e8624/resource/bdc97a62-4da4-43f9-8c35-c0e6157d3d68/download,臺北市內商圈介紹,SeqNo、商圈、區、AreaCode、標籤、組織名稱、坐落位置、鄰近捷運、商圈類型、說明,智慧通勤:1; 韌性防災:0; 永續環境:0; 食安健康:0; 勞動福祉:0; 文化共融:2
taipei,89f53365-ea7b-4132-b702-27b26a575b3b,00000110,臺北市商圈通訊錄,文化共融,True,True,False,point,文化活動與觀光資源分布,False,3,觀光,休閒旅遊,原始資料,產業局,商業處,產業局商業處,不定期更新,CSV,中文,2020-10-30T00:00:00,/api/dataset/89f53365-ea7b-4132-b702-27b26a575b3b/resource/09a5639c-e5d8-4b07-8aae-25a0425778c2/download,臺北市商圈組識通訊錄(CSV),分區、商圈名稱、組織或里辦公處、組織代表、職稱、聯絡電話、傳真、商圈通訊地址、Longitude、Latitude,智慧通勤:0; 韌性防災:0; 永續環境:0; 食安健康:0; 勞動福祉:0; 文化共融:5
taipei,0c52a903-769c-4ec8-9f85-d4db81e18990,00001024,臺北市地下街,文化共融,True,True,False,point,文化活動與觀光資源分布,False,3,經濟,休閒旅遊,原始資料,產業局,市場處,產業局市場處,不定期更新,CSV,中文,2020-01-01T00:00:00,/api/dataset/0c52a903-769c-4ec8-9f85-d4db81e18990/resource/2901c96f-51f6-468e-9504-c8d7adfa2e83/download,市集販賣內容簡介、座標(84),SeqNo(序號)、stitle(名稱)、xbody(內容)、xcreatedDate(建立日期)、xAddress(地址)、GTag_longitude(經度)、GTag_latitude(緯度),智慧通勤:0; 韌性防災:0; 永續環境:0; 食安健康:0; 勞動福祉:0; 文化共融:1
taipei,d8718826-54cf-4cba-ba92-088b1658c7c6,00000074,臺北市宗教建築3D模型庫,文化共融,True,True,False,area,文化活動與觀光資源分布,False,3,文化,公共資訊,原始資料,民政局,,民政局,不定期更新,CSV,中文,2013-07-29T00:00:00,/api/dataset/d8718826-54cf-4cba-ba92-088b1658c7c6/resource/bf338b29-e36b-4131-aab5-25c7342b2139/download,採用3D建模方式記錄宗教寺廟資料，供做文化保存，並整合地理資訊系統，呈現宗教寺廟整體資訊。,行政區、鄉鎮市區編碼、名稱、分棟、連結,智慧通勤:0; 韌性防災:0; 永續環境:0; 食安健康:0; 勞動福祉:0; 文化共融:3
taipei,4b686bac-091c-4161-9366-68573846680d,00002167,臺北市客家文化主題公園場地使用收費要點,文化共融,True,True,False,point,文化活動與觀光資源分布,False,3,族群,公共資訊,原始資料,客委會,,客委會,不定期更新,CSV,中文,2020-11-06T00:00:00,/api/dataset/4b686bac-091c-4161-9366-68573846680d/resource/c498c439-3b5f-4ca2-92c0-933b1f2fe073/download,提供臺北市客家文化主題公園場地使用收費要點之資料,名稱、收費要點、省市縣市鄉鎮市區代碼、 郵遞區號3+3、聯絡地址、承辦人、下載連結,智慧通勤:0; 韌性防災:0; 永續環境:0; 食安健康:0; 勞動福祉:0; 文化共融:1
taipei,3b297b58-61bb-4904-9b87-a1bc43e65adc,00002403,臺北市客家文化活動,文化共融,False,True,True,table,文化活動與觀光資源分布,True,3,統計,公共資訊,原始資料,主計處,,主計處,每1年,CSV,中文,2022-02-25T00:00:00,https://tsis.dbas.gov.taipei/statis/webMain.aspx?sys=220&ymf=9300&kind=21&type=0&funid=a05011101&cycle=4&outmode=12&compmode=0&outkind=1&deflst=2&nzo=1,臺北市客家文化活動時間數列統計資料,統計期、場次[場次]/ 總計、場次[場次]/ 演出活動、場次[場次]/ 展覽活動、場次[場次]/ 研討會、場次[場次]/ 民俗信仰活動、場次[場次]/ 其他、參與人次[人次]/ 總計、參與人次[人次]/ 演出活動、參與人次[人次]/ 展覽活動、參與人次[人次]/ 研討會、參與人次[人次]/ 民俗信仰活動、參與人次[人次]/ 其他,智慧通勤:0; 韌性防災:0; 永續環境:0; 食安健康:0; 勞動福祉:0; 文化共融:4
taipei,f4633446-7665-4e36-8377-d17babcad086,00002038,臺北市年度演藝團隊徵選與獎勵計畫 (原臺北市傑出演藝團隊徵選與獎勵計畫),文化共融,True,True,False,point,文化活動與觀光資源分布,False,3,文化,公共資訊,網路服務,文化局,,文化局,不定期更新,CSV,中文,2020-10-07T00:00:00,/api/dataset/f4633446-7665-4e36-8377-d17babcad086/resource/46f5517d-6f73-43e0-ba20-f11fdd119bd6/download,111-114年臺北市年度演藝團隊獲選名單,獲選年度、團隊名稱、立案年度、登記地址、社群網址,智慧通勤:0; 韌性防災:0; 永續環境:0; 食安健康:0; 勞動福祉:0; 文化共融:3
taipei,0d09e03e-bb11-4213-a9c8-6bfd392fbb16,00001434,臺北市店家改造資料,文化共融,True,True,False,point,文化活動與觀光資源分布,False,3,觀光,休閒旅遊,原始資料,產業局,商業處,產業局商業處,不定期更新,CSV,中文,2022-01-06T00:00:00,/api/dataset/0d09e03e-bb11-4213-a9c8-6bfd392fbb16/resource/af4a3527-e6c6-4c43-a127-6f1f4c893582/download,臺北市政府改造民間商店列表,項次、店家、類別、電話、地址、網址、經度、緯度,智慧通勤:0; 韌性防災:0; 永續環境:0; 食安健康:0; 勞動福祉:0; 文化共融:4
taipei,4a50dd4a-b09c-47c8-9374-fc04a9e59cc9,00001022,臺北市批發市場,文化共融,True,True,False,point,文化活動與觀光資源分布,False,3,經濟,休閒旅遊,原始資料,產業局,市場處,產業局市場處,不定期更新,CSV,中文,2016-04-26T00:00:00,/api/dataset/4a50dd4a-b09c-47c8-9374-fc04a9e59cc9/resource/5738e1ed-41f0-4205-adfe-7377be708193/download,市集販賣內容簡介、座標(84),seqno(序號)、stitle(名稱)、xbody(內容)、xcreatedDate(建立日期)、xAddress(地址)、GTag_longitude(經度)、GTag_latitude(緯度),智慧通勤:0; 韌性防災:0; 永續環境:0; 食安健康:0; 勞動福祉:0; 文化共融:1
taipei,3e5d3f27-90f1-45e7-8c04-73ac593922a4,00032538,臺北市提供飲水店家清冊,文化共融,True,True,False,point,文化活動與觀光資源分布,False,3,觀光,休閒旅遊,原始資料,產業局,商業處,產業局商業處,不定期更新,CSV,中文,2024-05-01T00:00:00,/api/dataset/3e5d3f27-90f1-45e7-8c04-73ac593922a4/resource/0cf29b84-56d7-4d19-8cc8-7edf4183984d/download,臺北市提供飲水店家彙整,友善店家名稱、地址、簡介、區域、經度、緯度、電話,智慧通勤:0; 韌性防災:0; 永續環境:0; 食安健康:0; 勞動福祉:0; 文化共融:4
taipei,c013d9ec-a550-46bd-ac60-45f085930706,00001021,臺北市攤販集中場,文化共融,True,True,False,point,文化活動與觀光資源分布,False,3,經濟,休閒旅遊,原始資料,產業局,市場處,產業局市場處,每1年,CSV,中文,2020-10-27T00:00:00,/api/dataset/c013d9ec-a550-46bd-ac60-45f085930706/resource/4874f750-b972-4c42-ad76-986960670c70/download,市集販賣內容簡介,seqno(序號)、stitle(行政區別)、xbody(法人名稱)、xcreatedDate(營業日)、xstartTime(營業開始時間)、xendTime(營業結束時間)、xAddress(範圍)、GTag_longitude(經度)、GTag_latitude(緯度),智慧通勤:0; 韌性防災:0; 永續環境:0; 食安健康:0; 勞動福祉:0; 文化共融:1
taipei,2451ebd2-a0e1-43c7-bd76-86470331f230,00004076,臺北市政府體育局場地租借系統線上場地一覽表,文化共融,True,True,False,point,文化活動與觀光資源分布,False,3,觀光,休閒旅遊,原始資料,體育局,,體育局,不定期更新,JSON,中文,2022-01-21T00:00:00,https://vbs.sports.taipei/opendata/sports_tms2.json,體育局場地租借系統線上場地所屬分區、場地名稱、英文場地名稱、運動型態、地址、英文地址、開放時間、關閉時間、設施科連絡電話,場地所屬分區(Area)、場地名稱(Name)、英文場地名稱(NameEng)、運動型態(SportType)、地址(Address)、英文地址(AddressEng)、開放時間(startTime)、關閉時間(endTime)、設施科連絡電話(LocalCallService),智慧通勤:0; 韌性防災:0; 永續環境:0; 食安健康:0; 勞動福祉:0; 文化共融:4
taipei,d540c002-9946-498b-bc88-1040db9e344f,00032084,臺北市政府體育局所轄河濱及市區公園運動場地位置表,文化共融,True,True,False,point,文化活動與觀光資源分布,False,3,觀光,休閒旅遊,原始資料,體育局,,體育局,每1年,CSV,中文,2023-12-25T00:00:00,/api/dataset/d540c002-9946-498b-bc88-1040db9e344f/resource/e1545dd4-cc24-4c16-b81f-3fc2752d379b/download,臺北市政府體育局所轄河濱及市區公園運動場地位置表，內容包含行政區、場地、類別、緯度、經度,行政區、場地、類別、緯度、經度,智慧通勤:0; 韌性防災:0; 永續環境:0; 食安健康:0; 勞動福祉:0; 文化共融:4
taipei,067fec43-cbc6-4fe4-b0b1-699596ef3d48,00002013,臺北市文化局文化藝術財團法人一覽表,文化共融,True,True,False,point,文化活動與觀光資源分布,False,3,文化,公共資訊,網路服務,文化局,,文化局,不定期更新,CSV,中文,2020-10-06T00:00:00,/api/dataset/067fec43-cbc6-4fe4-b0b1-699596ef3d48/resource/406c1528-19b4-43c3-a2a9-38f7397c939c/download,臺北市文化局文化藝術財團法人之名稱、地址等資料,編號、基金會名稱、縣市別代碼、縣市、登記會址,智慧通勤:0; 韌性防災:0; 永續環境:0; 食安健康:0; 勞動福祉:0; 文化共融:3
taipei,1a4efbfa-d616-4b20-b4a5-bb5be1ed3120,00000204,臺北市旅遊服務中心據點資訊,文化共融,True,True,False,point,文化活動與觀光資源分布,False,3,觀光,休閒旅遊,原始資料,觀傳局,,觀傳局,不定期更新,CSV,中文,2013-01-28T00:00:00,/api/dataset/1a4efbfa-d616-4b20-b4a5-bb5be1ed3120/resource/96094c94-2644-480a-b31d-726571c054d9/download,臺北市旅服中心服務據點資訊,no(編號)、name(名稱)、address(地址)、telephone(電話)、openingHours(服務時間),智慧通勤:0; 韌性防災:0; 永續環境:0; 食安健康:0; 勞動福祉:0; 文化共融:4
taipei,c2f11bce-54fb-4601-8055-a24df55fada1,00003445,臺北市民宿名冊,文化共融,True,True,False,point,文化活動與觀光資源分布,False,3,觀光,休閒旅遊,網路服務,觀傳局,,觀傳局,不定期更新,CSV,中文,2020-12-24T00:00:00,/api/dataset/c2f11bce-54fb-4601-8055-a24df55fada1/resource/02a6a49d-e3d5-4f0f-af35-b299d7b609f9/download,臺北市合法民宿名冊,縣市代碼、民宿名稱、電話或手機號碼、傳真號碼、營業地址、房間數、參考房價,智慧通勤:0; 韌性防災:0; 永續環境:0; 食安健康:0; 勞動福祉:0; 文化共融:4
taipei,0b1a0434-debf-4306-8151-0fe50c031bcb,00032286,臺北市河濱求救點資訊(體育局),文化共融,True,True,False,point,文化活動與觀光資源分布,False,3,觀光,公共資訊,原始資料,體育局,,體育局,每1年,CSV,中文,2024-02-07T00:00:00,/api/dataset/0b1a0434-debf-4306-8151-0fe50c031bcb/resource/a35537ea-4014-4aa3-b35b-cc9be0bfd564/download,臺北市河濱求救點資訊(體育局)，內容包含行政區、場地、類別、緯度、經度,行政區、場地、類別、緯度、經度,智慧通勤:0; 韌性防災:0; 永續環境:0; 食安健康:0; 勞動福祉:0; 文化共融:3
taipei,5880bb98-ab6a-476c-ae55-37564b0d0fc9,00001016,臺北市營業場所投保公共意外險清冊,文化共融,True,True,False,point,文化活動與觀光資源分布,False,3,觀光,公共資訊,原始資料,產業局,商業處,產業局商業處,每1月,CSV,中文,2022-01-13T00:00:00,/api/dataset/5880bb98-ab6a-476c-ae55-37564b0d0fc9/resource/8a32fad8-cb03-4cbe-bff0-f4a046f7f6e7/download,臺北市營業場所投保公共意外險業者清冊,序號、統一立案編號、類別、名稱、營業地址、保單到期日、經度、緯度,智慧通勤:0; 韌性防災:0; 永續環境:0; 食安健康:0; 勞動福祉:0; 文化共融:3
taipei,b5d6ac86-dcd8-4e47-91e1-f8f4fecb65ff,00001681,臺北市特殊景點彩繪區,文化共融,True,True,False,point,文化活動與觀光資源分布,False,3,觀光,休閒旅遊,網路服務,工務局,水利處,工務局水利處,每1年,CSV,中文,2019-10-17T00:00:00,/api/dataset/b5d6ac86-dcd8-4e47-91e1-f8f4fecb65ff/resource/3753f177-ac55-4971-a219-3d72c4db99aa/download,"本市特殊景點彩繪區點位位置,提供CSV檔","NO、特殊景點彩繪區名稱、特殊景點位置、Longitude、Latitude
",智慧通勤:0; 韌性防災:0; 永續環境:0; 食安健康:0; 勞動福祉:0; 文化共融:5
taipei,32adce69-45ca-4f9c-a8d6-0f7cf27fa556,00001198,臺北市田園城市點位圖資,文化共融,True,True,False,point,文化活動與觀光資源分布,False,3,農業,休閒旅遊,原始資料,工務局,公園處,工務局公園處,不定期更新,JSON,中文,2017-02-09T00:00:00,https://farmcity.taipei/city/api/,臺北市田園城市點位圖資介紹(包含：快樂農園、綠屋頂、小田園、市民農園點位圖資),bi_title(基地名稱)、bi_category(基地類別)、bi_agency(管理機關)、bi_unit(所屬單位)、bi_address(基地地址)、bi_lat(GPS 座標-緯度)、bi_lng(GPS 座標-經度)、bi_area(可耕作面積)、bi_method(耕作方式)、bi_period_s(認養期間-開始日期)、bi_period_e(認養期間-結束日期)、bi_introduction(基地介紹),智慧通勤:0; 韌性防災:0; 永續環境:0; 食安健康:0; 勞動福祉:0; 文化共融:1
taipei,24205a7e-278a-4e78-9033-47ec5cf74595,00000729,臺北市私有文化資產補助案,文化共融,True,True,False,area,文化活動與觀光資源分布,False,3,文化,公共資訊,網路服務,文化局,,文化局,不定期更新,CSV,中文,2020-07-13T00:00:00,/api/dataset/24205a7e-278a-4e78-9033-47ec5cf74595/resource/ce3c3a79-5be3-42b5-9f56-4a5ce6936345/download,收錄近年來臺北市私有文化資產補助案,年度、區域、私有資產名稱、同意補助項目、核定補助經費,智慧通勤:0; 韌性防災:0; 永續環境:0; 食安健康:0; 勞動福祉:1; 文化共融:3
taipei,5e36245b-da9b-4ea1-8405-8bf887ef91aa,00000056,臺北市立動物園_服務設施,文化共融,True,True,False,point,文化活動與觀光資源分布,False,3,觀光,休閒旅遊,原始資料,教育局,動物園,教育局動物園,每1年,CSV,中文,2014-04-15T00:00:00,/api/dataset/5e36245b-da9b-4ea1-8405-8bf887ef91aa/resource/5048d475-7642-43ee-ac6f-af0a368d63bf/download,本資料集提供臺北市立動物園園區之服務設施，包含諮詢售票、醫護急救、交通服務、設施服務和餐飲服務等五大類服務設施簡介及位置座標，提供各種貼心的遊園服務。(本資料集開放授權應用內容僅限文字範圍，圖片、聲音及影片等多媒體資訊不在開放授權範圍),S_Category、S_Item、S_Title、S_Summary、S_Memo、S_Brief、S_Meal、S_Shop、S_Keywords、S_Location、S_Longitude、S_Latitude、S_Web_URL、S_Pic01_ALT、S_Pic01_URL、S_Pic02_ALT、S_Pic02_URL、S_Pic03_ALT、S_Pic03_URL、S_Pic04_ALT、S_Pic04_URL、S_Pic05_ALT、S_Pic05_URL、S_Page,智慧通勤:1; 韌性防災:0; 永續環境:0; 食安健康:0; 勞動福祉:0; 文化共融:4
taipei,61ff4b3a-8a8a-47e4-96ec-e180b2abbfdb,00000190,臺北市立動物園_行事曆,文化共融,True,True,False,point,文化活動與觀光資源分布,False,3,觀光,休閒旅遊,原始資料,教育局,動物園,教育局動物園,每1年,CSV,中文,2014-04-15T00:00:00,/api/dataset/61ff4b3a-8a8a-47e4-96ec-e180b2abbfdb/resource/45c9007d-cb50-4f74-bc87-519fcd00758d/download,本資料集提供臺北市立動物園之園區活動行事曆，包含文字簡介、圖片、網站連結及座標等資訊。(本資料集開放授權應用內容僅限文字範圍，圖片、聲音及影片等多媒體資訊不在開放授權範圍),類別、標題、摘要說明、簡介、起始日期、結束日期、時間、地點、WGS84座標系統(WKT格式)、上架日期、下架日期、關鍵字、圖片說明、圖片URL、網頁URL位址、地標、資料更新日期,智慧通勤:0; 韌性防災:0; 永續環境:0; 食安健康:0; 勞動福祉:0; 文化共融:5
taipei,1ed45a8a-d26a-4a5f-b544-788a4071eea2,00000282,臺北市立動物園_館區簡介,文化共融,True,True,False,point,文化活動與觀光資源分布,False,3,觀光,休閒旅遊,原始資料,教育局,動物園,教育局動物園,每1年,CSV,中文,2014-04-15T00:00:00,/api/dataset/1ed45a8a-d26a-4a5f-b544-788a4071eea2/resource/9683ba26-109e-4cb8-8f3d-03d1b349db9f/download,本資料集提供臺北市立動物園園區所屬之館區簡介，包含戶外、室內及特展等三大類展示場域之館區簡介。(本資料集開放授權應用內容僅限文字範圍，圖片、聲音及影片等多媒體資訊不在開放授權範圍),排序、區域、館名、圖片URL、館區導覽、備註、經度、緯度、相關連結,智慧通勤:0; 韌性防災:0; 永續環境:0; 食安健康:0; 勞動福祉:0; 文化共融:4
taipei,797822ad-7627-4c60-bb3c-ead71176af74,00000184,臺北市立圖書館各分館暨民眾閱覽室(CSV),文化共融,True,True,False,point,文化活動與觀光資源分布,False,3,教育,求學及進修,原始資料,教育局,圖書館,教育局圖書館,每1年,CSV,中文,2015-03-16T00:00:00,/api/dataset/797822ad-7627-4c60-bb3c-ead71176af74/resource/030195ba-f22b-4044-8902-218979678044/download,臺北市立圖書館各分館暨民眾閱覽室分佈圖,name(名稱)、address(地址)、tel(電話)、fax(傳真)、lat、lon,智慧通勤:0; 韌性防災:0; 永續環境:0; 食安健康:0; 勞動福祉:0; 文化共融:1
taipei,7ae2be43-180c-4a8b-aa4d-01e3fcde5dfe,00029283,臺北市立文獻館_常設展資訊,文化共融,True,True,False,area,文化活動與觀光資源分布,False,3,文化,公共資訊,原始資料,文化局,文獻館,文化局文獻館,不定期更新,CSV,中文,2022-04-19T00:00:00,/api/dataset/7ae2be43-180c-4a8b-aa4d-01e3fcde5dfe/resource/fcb092b7-37a6-4d81-be47-ddeeaf2dd7f6/download,臺北市立文獻館常設展資訊介紹,展覽名稱、單元名稱、開放時間、展區地點、是否收費,智慧通勤:0; 韌性防災:0; 永續環境:0; 食安健康:0; 勞動福祉:0; 文化共融:4
taipei,2ed9b8e4-cfcd-468b-9d51-a8a7a62c5d7f,00001561,臺北市立文獻館場館介紹,文化共融,True,True,False,point,文化活動與觀光資源分布,False,3,文化,公共資訊,原始資料,文化局,文獻館,文化局文獻館,不定期更新,CSV,中文,2018-09-13T00:00:00,/api/dataset/2ed9b8e4-cfcd-468b-9d51-a8a7a62c5d7f/resource/5d6bbe9a-b4e8-4ef7-8962-30080b1477be/download,臺北市立文獻館本堂及樹心會館場館介紹,"名稱、地址、開放時間、服務項目、官網、場地租借、經度、緯度
",智慧通勤:0; 韌性防災:0; 永續環境:0; 食安健康:0; 勞動福祉:0; 文化共融:3
taipei,fcb60a5a-c229-419c-ae5c-d093933d75ce,00000821,臺北市竹子湖海芋及繡球花觀光農園資料,文化共融,True,True,False,area,文化活動與觀光資源分布,False,3,農業,休閒旅遊,原始資料,產業局,,產業局,不定期更新,CSV,中文,2015-08-20T00:00:00,/api/dataset/fcb60a5a-c229-419c-ae5c-d093933d75ce/resource/df7824b9-fcc6-4102-9f69-aec1f7022072/download,竹子湖海芋及繡球花觀光農園資料。,序號、農園主、農園名稱、聯絡電話[市話]、聯絡電話[行動電話]、位置及經營項目,智慧通勤:0; 韌性防災:0; 永續環境:0; 食安健康:0; 勞動福祉:0; 文化共融:2
taipei,32361b46-21be-4b6a-ba07-0b985c1cd8e2,00003705,臺北市符合博物館法設立之私立博物館一覽,文化共融,True,True,False,point,文化活動與觀光資源分布,False,3,文化,公共資訊,原始資料,文化局,,文化局,不定期更新,CSV,中文,2021-01-14T00:00:00,/api/dataset/32361b46-21be-4b6a-ba07-0b985c1cd8e2/resource/e2425937-e77e-424b-9b2a-e7e82c7c1139/download,臺北市符合博物館法設立之私立博物館名單,博物館名稱、地址、聯絡電話,智慧通勤:0; 韌性防災:0; 永續環境:0; 食安健康:0; 勞動福祉:0; 文化共融:4
taipei,58093ba6-4c98-4148-b27a-50ad97d7afca,00000327,臺北市臺北旅遊網住宿資料(中文),文化共融,True,True,False,point,文化活動與觀光資源分布,False,3,觀光,休閒旅遊,網路服務,觀傳局,,觀傳局,不定期更新,CSV,中文,2012-01-09T00:00:00,/api/dataset/58093ba6-4c98-4148-b27a-50ad97d7afca/resource/adb6f5a6-3541-479a-bb32-d5be17eaa95b/download,臺北旅遊網-住宿資料,"旅館類別、旅宿名稱、地址、電話或手機號碼、傳真、房間數
",智慧通勤:0; 韌性防災:0; 永續環境:0; 食安健康:0; 勞動福祉:0; 文化共融:4
taipei,51c0b43e-8c03-4085-8a9e-ae3301125780,00002313,臺北市藝文推廣處各場館開放時間,文化共融,True,True,False,point,文化活動與觀光資源分布,False,3,文化,休閒旅遊,原始資料,文化局,藝文處,文化局藝文處,每6月,CSV,中文,2020-10-14T00:00:00,/api/dataset/51c0b43e-8c03-4085-8a9e-ae3301125780/resource/0d539502-1268-49dc-aa6c-4802f881ea7f/download,臺北市藝文推廣處轄下各場館(藝文大樓、城市舞台、親子劇場、文山劇場、大稻埕戲苑)開放時間,場館、空間、開放時間、地址、市話、分機,智慧通勤:0; 韌性防災:0; 永續環境:0; 食安健康:0; 勞動福祉:0; 文化共融:5
taipei,f058688f-1fd0-40d4-85e6-18267484cd18,00000316,臺北市藝文館所,文化共融,True,True,False,point,文化活動與觀光資源分布,False,3,文化,休閒旅遊,原始資料,文化局,,文化局,不定期更新,CSV,中文,2012-01-04T00:00:00,/api/dataset/f058688f-1fd0-40d4-85e6-18267484cd18/resource/e290a9e2-1c97-4bfc-b720-b640153a3c1d/download,文化局藝文館所基本資料,編號、館所名稱、建物屬性、館所市話、所在縣市、詳細地址、館所網址、文化局對應頁面連結,智慧通勤:0; 韌性防災:0; 永續環境:0; 食安健康:0; 勞動福祉:0; 文化共融:5
taipei,945309ad-7932-4de3-8a21-9e75f0cb3d51,00003424,臺北市行道樹公園綠地廣場認養人資料,文化共融,True,True,False,area,文化活動與觀光資源分布,False,3,工務,休閒旅遊,原始資料,工務局,公園處,工務局公園處,每1年,CSV,中文,2020-12-22T00:00:00,/api/dataset/945309ad-7932-4de3-8a21-9e75f0cb3d51/resource/8ad84be4-9328-4f65-8923-77517afa9e53/download,提供臺北市行道樹、公園、綠地、廣場之認養人資料。,序號、管理單位、行政區、行政區代碼、認養標的名稱、屬性、認養位置、認養單位名稱,智慧通勤:0; 韌性防災:0; 永續環境:0; 食安健康:0; 勞動福祉:0; 文化共融:1
taipei,2154ce42-42e6-4fdb-8356-d961cb2b0987,00003695,臺北市街頭藝人展演場地資訊,文化共融,True,True,False,area,文化活動與觀光資源分布,False,3,文化,公共資訊,原始資料,文化局,,文化局,不定期更新,CSV,中文,2021-01-14T00:00:00,/api/dataset/2154ce42-42e6-4fdb-8356-d961cb2b0987/resource/37771e09-9452-4908-8568-0f583eb805c1/download,提供臺北市開放街頭藝人展演場地之位置、管理機關及開放時間等資訊。,項次、展演地、主管機關、市話、分機、開放時段、開放表演類型、申請方式,智慧通勤:0; 韌性防災:0; 永續環境:0; 食安健康:0; 勞動福祉:0; 文化共融:4
taipei,6bae44ab-1f66-4779-98b9-2f5b48276ecc,00003696,臺北市表演空間資訊,文化共融,True,True,False,point,文化活動與觀光資源分布,False,3,文化,公共資訊,原始資料,文化局,,文化局,不定期更新,CSV,中文,2021-01-14T00:00:00,/api/dataset/6bae44ab-1f66-4779-98b9-2f5b48276ecc/resource/53d8711f-ef87-4c9a-8151-c58d01283514/download,臺北市之表演空間資訊,管理單位、場館、行政區、座位數或坪數、申請方式、市話、分機、地址、網址,智慧通勤:0; 韌性防災:0; 永續環境:0; 食安健康:0; 勞動福祉:0; 文化共融:4
taipei,fbaa96aa-7a64-4977-9906-4df94b58d225,00000137,臺北市視障按摩院所名冊,文化共融,True,True,False,point,文化活動與觀光資源分布,False,3,勞動,休閒旅遊,原始資料,勞動局,重建處,勞動局重建處,每1年,CSV,中文,2021-12-30T00:00:00,/api/dataset/fbaa96aa-7a64-4977-9906-4df94b58d225/resource/550ea889-fcbc-43a2-89d8-d2612a2c469b/download,本市目前視障按摩小站及曾獲選為優良按摩院之店家。,編號、年度、按摩據點名稱、地址、營業時間,智慧通勤:0; 韌性防災:0; 永續環境:0; 食安健康:0; 勞動福祉:0; 文化共融:1
taipei,01500632-f62a-48d8-9c72-f4d6ee6cd815,00029820,臺北市觀摩匯演演出檔期表,文化共融,True,True,False,area,文化活動與觀光資源分布,False,3,文化,休閒旅遊,原始資料,文化局,藝文處,文化局藝文處,每1年,"CSV,CSV",中文,2022-10-13T00:00:00,"/api/dataset/01500632-f62a-48d8-9c72-f4d6ee6cd815/resource/93f0a737-0be3-4fe1-bb72-f970470e9fff/download,/api/dataset/01500632-f62a-48d8-9c72-f4d6ee6cd815/resource/88f87090-c6c8-4ee6-99c9-bad5baf7327c/download",臺北市掌中戲觀摩匯演&歌仔戲觀摩匯演演出日期、演出劇團與演出地點等資料,年度、演出日期、星期、劇團名稱、演出地點,智慧通勤:0; 韌性防災:0; 永續環境:0; 食安健康:0; 勞動福祉:0; 文化共融:5
taipei,7d0a799f-8666-4853-86a5-f4ad16bfdde0,00003966,臺北市貓纜站藝術裝置,文化共融,True,True,False,point,文化活動與觀光資源分布,False,3,工務,休閒旅遊,原始資料,工務局,公園處,工務局公園處,每1年,CSV,中文,2021-07-16T00:00:00,/api/dataset/7d0a799f-8666-4853-86a5-f4ad16bfdde0/resource/016ef0a3-b0b1-4011-b48f-d2525cc1c703/download,臺北市貓纜站藝術裝置資料。,裝置名稱、序號、X座標、Y座標、說明,智慧通勤:0; 韌性防災:0; 永續環境:0; 食安健康:0; 勞動福祉:0; 文化共融:1
taipei,3186cd22-9783-4ddc-bf79-66e3c65e5324,00001023,臺北市超級市場,文化共融,True,True,False,point,文化活動與觀光資源分布,False,3,經濟,休閒旅遊,原始資料,產業局,市場處,產業局市場處,不定期更新,CSV,中文,2020-07-14T00:00:00,/api/dataset/3186cd22-9783-4ddc-bf79-66e3c65e5324/resource/732295f8-1bf9-4d2b-8514-de19b1bb8d99/download,市集販賣內容簡介、座標(84),seqno(序號)、stitle(名稱)、xbody(內容)、xcreatedDate(建立日期)、xAddress(地址)、GTag_longitude(經度)、GTag_latitude(緯度),智慧通勤:0; 韌性防災:0; 永續環境:0; 食安健康:0; 勞動福祉:0; 文化共融:1
taipei,41072c6a-521c-46c4-b811-8acfac95186d,00001437,臺北市農村再生各社區資源一覽表,文化共融,True,True,False,area,文化活動與觀光資源分布,False,3,農業,公共資訊,原始資料,產業局,,產業局,不定期更新,CSV,中文,2018-01-30T00:00:00,/api/dataset/41072c6a-521c-46c4-b811-8acfac95186d/resource/44961843-4c52-4adf-a427-8090011e8e61/download,臺北市農村再生各社區資源一覽表。,序號、行政區域代碼、行政區、社區名稱、農業鏈資源（代表物）、生態鏈資源（代表物）、旅遊鏈資源（代表物）、文化鏈資源（代表物）、組織鏈資源（代表物）,智慧通勤:0; 韌性防災:0; 永續環境:0; 食安健康:0; 勞動福祉:0; 文化共融:2
taipei,4e4870a2-53e5-496f-ab92-3253a5348a39,00003940,臺北市非法經營旅館業及網路刊登非法旅館營業訊息裁罰名單,文化共融,True,True,False,point,文化活動與觀光資源分布,False,3,觀光,休閒旅遊,網路服務,觀傳局,,觀傳局,不定期更新,CSV,中文,2021-06-17T00:00:00,/api/dataset/4e4870a2-53e5-496f-ab92-3253a5348a39/resource/b587be9c-6f9c-4193-8832-7dadf33ba467/download,臺北市政府裁罰「非法經營旅館業」及「網路刊登非法旅館營業訊息」之名單,"年份、裁罰日期、行政區、非法營業地址、罰鍰或怠金（新臺幣）、裁處原因
",智慧通勤:0; 韌性防災:0; 永續環境:0; 食安健康:0; 勞動福祉:0; 文化共融:4
taipei,f6d03e63-fde1-4976-930f-568b935f03f6,00001890,臺北市領有溫泉標章之溫泉使用事業名單,文化共融,True,True,False,point,文化活動與觀光資源分布,False,3,觀光,休閒旅遊,原始資料,觀傳局,,觀傳局,不定期更新,CSV,中文,2020-09-28T00:00:00,/api/dataset/f6d03e63-fde1-4976-930f-568b935f03f6/resource/429b6a86-61f5-4a0d-828f-5057fe88c8b1/download,臺北市領有溫泉標章之溫泉使用事業名單一覽表,旅宿名稱、縣市、鄉鎮、地址、營業類型,智慧通勤:0; 韌性防災:0; 永續環境:0; 食安健康:0; 勞動福祉:0; 文化共融:4
taipei,bd31c976-d3a5-4eed-b8c3-7454bc266afa,00000324,臺北旅遊網景點資料(中文),文化共融,True,True,False,point,文化活動與觀光資源分布,False,3,觀光,休閒旅遊,網路服務,觀傳局,,觀傳局,不定期更新,CSV,中文,2013-02-07T00:00:00,/api/dataset/bd31c976-d3a5-4eed-b8c3-7454bc266afa/resource/36847f3f-deff-4183-a5bb-800737591de5/download,臺北市臺北旅遊網景點資料中文,資料項⽬、縣市別、縣市別代碼、行政區、精選景點、主題景點,智慧通勤:0; 韌性防災:0; 永續環境:0; 食安健康:0; 勞動福祉:0; 文化共融:5
newtaipei,4001B8D2-2B1D-4466-8515-134326471842,,新北客家文化活動,文化共融,False,True,False,table,文化活動與觀光資源分布,True,2,文化,休閒旅遊,,,,新北市政府客家事務局/秘書室,每月,JSON、CSV、XML,中文,,https://data.ntpc.gov.tw/datasets/4001b8d2-2b1d-4466-8515-134326471842,新北客家文化活動，內容包含日期、標題、內容及連結,,智慧通勤:0; 韌性防災:0; 永續環境:0; 食安健康:0; 勞動福祉:0; 文化共融:5
newtaipei,D8EB898F-6C59-4689-9191-48DBBEF16606,,新北市文化資產,文化共融,False,True,False,table,文化活動與觀光資源分布,True,2,文化,休閒旅遊,,,,新北市政府文化局/文化資產科/無形資產股,每年,JSON、CSV、XML、KML,中文,,https://data.ntpc.gov.tw/datasets/d8eb898f-6c59-4689-9191-48dbbef16606,新北市已公告之古蹟、歷史建築、紀念建築、聚落建築群、考古遺址、史蹟、文化景觀、古物、傳統藝術、傳統工藝、表演藝術、民俗及有關文物之基本資料,,智慧通勤:0; 韌性防災:0; 永續環境:0; 食安健康:0; 勞動福祉:0; 文化共融:6
newtaipei,79DCCDC3-1E46-4AE8-870A-44988344CE48,,新北市旅服中心到站人次,文化共融,False,True,True,table,文化活動與觀光資源分布,False,2,觀光,休閒旅遊,,,,新北市政府觀光旅遊局/觀光企劃科,每月,JSON、CSV、XML,中文,,https://data.ntpc.gov.tw/datasets/79dccdc3-1e46-4ae8-870a-44988344ce48,新北市旅服中心到站人次，其資料包含遊客中心、1-12月份及各月份總計至遊客中心之人數統計資訊(資料自105年起統計)。,,智慧通勤:0; 韌性防災:0; 永續環境:0; 食安健康:0; 勞動福祉:0; 文化共融:4
newtaipei,1498E0B9-78CC-41C4-B569-E0C7B4458178,,新北市景點遊客人次統計(不含中央所屬北觀處及東北角管理處之統計資訊),文化共融,False,True,True,point,文化活動與觀光資源分布,False,2,觀光,休閒旅遊,,,,新北市政府觀光旅遊局/觀光企劃科,不更新,JSON、CSV、XML,中文,,https://data.ntpc.gov.tw/datasets/1498e0b9-78cc-41c4-b569-e0c7b4458178,新北市景點遊客人次統計(自104年起算)，其資料包含景點名稱、1-12月份及各月份總計之遊客統計資訊。但資料內容不含中央所屬北觀處及東北角管理處管轄之景點人次。,,智慧通勤:0; 韌性防災:0; 永續環境:0; 食安健康:0; 勞動福祉:0; 文化共融:5
newtaipei,BA47FC6F-1FEE-41E7-AB71-C50F9B5211C8,,新北市街頭藝人,文化共融,False,True,False,table,文化活動與觀光資源分布,True,2,文化,休閒旅遊,,,,新北市政府文化局/文化發展科/綜合企劃股,每年,JSON、CSV、XML,中文,,https://data.ntpc.gov.tw/datasets/ba47fc6f-1fee-41e7-ab71-c50f9b5211c8,新北市街頭藝人通過認證審查之名冊,,智慧通勤:0; 韌性防災:0; 永續環境:0; 食安健康:0; 勞動福祉:0; 文化共融:4
newtaipei,02565993-4F7F-4700-8B96-383CE2F763BA,,補助私有文化資產一覽表,文化共融,False,True,True,table,文化活動與觀光資源分布,False,2,文化,休閒旅遊,,,,新北市政府文化局/文化資產科/無形資產股,每年,JSON、CSV、XML,中文,,https://data.ntpc.gov.tw/datasets/02565993-4f7f-4700-8b96-383ce2f763ba,補助私有文化資產之案件名稱,,智慧通勤:0; 韌性防災:0; 永續環境:0; 食安健康:0; 勞動福祉:1; 文化共融:4
taipei,836b36f7-84a2-45ac-af96-1d658856c8c9,00030077,「臺北最High新年城 跨年晚會」活動預算及參與人數,文化共融,False,True,True,table,文化活動與觀光資源分布,False,2,觀光,公共資訊,網路服務,觀傳局,,觀傳局,每1年,CSV,中文,2023-03-06T00:00:00,/api/dataset/836b36f7-84a2-45ac-af96-1d658856c8c9/resource/f19f3734-59ea-42e7-bf3b-ea1663ce2326/download,近三年「臺北最High新年城  跨年晚會」之預算、活動參與人數、轉播觀看人次,年度、活動內容、新臺幣元、活動參與人數、轉播觀看人次,智慧通勤:0; 韌性防災:0; 永續環境:0; 食安健康:0; 勞動福祉:0; 文化共融:4
taipei,f1341181-2968-4d3a-925d-29199e4f37a5,00033550,臺北市 台灣好行與綠色運具推廣(台灣好行~北投竹子湖線),文化共融,False,True,True,table,文化活動與觀光資源分布,False,2,觀光,休閒旅遊,原始資料,觀傳局,,觀傳局,不定期更新,CSV,中文,2025-02-05T00:00:00,/api/dataset/f1341181-2968-4d3a-925d-29199e4f37a5/resource/6ce6ffa0-94d9-4b14-bba7-8e9801fde64b/download,113-114年台灣好行~北投-竹子湖線每月搭乘人次,年度、月份、平／假日、班次、總座位數、總搭乘人數、搭乘率,智慧通勤:0; 韌性防災:0; 永續環境:0; 食安健康:0; 勞動福祉:0; 文化共融:4
taipei,59fd797a-84b9-45f6-a02e-679c500d09f3,00003446,臺北市一般旅館家數,文化共融,False,True,True,table,文化活動與觀光資源分布,False,2,觀光,休閒旅遊,網路服務,觀傳局,,觀傳局,每3月,CSV,中文,2020-12-24T00:00:00,/api/dataset/59fd797a-84b9-45f6-a02e-679c500d09f3/resource/3380228e-0a1e-4f4e-8895-3a2bb6215789/download,臺北市合法一般旅館家數,年度、月份、縣市別、家數、房間數量,智慧通勤:0; 韌性防災:0; 永續環境:0; 食安健康:0; 勞動福祉:0; 文化共融:4
taipei,dab1287c-c3af-4a92-9477-7745bf24af5d,00001767,臺北市主要觀光景點遊客數統計,文化共融,False,True,True,point,文化活動與觀光資源分布,False,2,觀光,公共資訊,原始資料,觀傳局,,觀傳局,每1年,CSV,中文,2021-01-20T00:00:00,/api/dataset/dab1287c-c3af-4a92-9477-7745bf24af5d/resource/0002fd67-35ac-43c2-8917-97e91951fbb9/download,2015年迄今每年主要觀光景點總遊客人次統計,年份、遊客人次、更新頻率、縣市別、縣市別代碼,智慧通勤:0; 韌性防災:0; 永續環境:0; 食安健康:0; 勞動福祉:0; 文化共融:4
taipei,1ddeff62-8872-441c-aaf2-10fd0515ddb1,00002402,臺北市主要觀光遊憩區遊客人次,文化共融,False,True,True,table,文化活動與觀光資源分布,False,2,統計,休閒旅遊,原始資料,主計處,,主計處,每1年,CSV,中文,2021-02-25T00:00:00,https://tsis.dbas.gov.taipei/statis/webMain.aspx?sys=220&ymf=5700&kind=21&type=0&funid=a05011001&cycle=4&outmode=12&compmode=0&outkind=3&deflst=2&nzo=1,臺北市主要觀光遊憩區遊客人次時間數列統計資料,統計期、國立故宮博物院遊客人次、市立美術館遊客人次、國民革命忠烈祠遊客人次、國立歷史博物館遊客人次、國立臺灣科學教育館遊客人次、國立臺灣藝術教育館遊客人次、市立動物園遊客人次、市立兒童新樂園遊客人次、市立天文科學教育館遊客人次、兒童交通博物館遊客人次、客家文化主題公園遊客人次、小巨蛋遊客人次、青年局場館遊客人次、國立國父紀念館遊客人次、士林官邸公園遊客人次、林安泰古厝民俗文物館遊客人次、順益臺灣原住民博物館遊客人次、陽明公園[陽明山]遊客人次、二二八紀念館遊客人次、國立中正紀念堂遊客人次、臺北自來水園區遊客人次、龍山寺遊客人次、關渡自然公園遊客人次、台北當代藝術館遊客人次、北投溫泉博物館遊客人次、林語堂故居遊客人次、圓山別莊遊客人次、台北探索館遊客人次、凱達格蘭文化館遊客人次、台北101遊客人次、美麗華百樂園摩天輪遊客人次、臺北市孔廟遊客人次、梅庭遊客人次、大龍峒保安宮遊客人次、台北霞海城隍廟遊客人次、臺北流行音樂中心遊客人次、臺北表演藝術中心遊客人次、西門紅樓遊客人次、草山行館遊客人次、寶藏巖遊客人次、芝山文化生態綠園遊客人次、西門町商圈遊客人次、松山文創園區遊客人次、華山1914文化創意產業園區遊客人次、台北植物園遊客人次,智慧通勤:1; 韌性防災:0; 永續環境:0; 食安健康:0; 勞動福祉:0; 文化共融:6
taipei,37621451-9492-4081-bf59-8b12f7a613fc,00000526,臺北市來臺旅客在臺北市之消費及動向調查,文化共融,False,True,True,table,文化活動與觀光資源分布,False,2,統計,休閒旅遊,原始資料,觀傳局,,觀傳局,每1年,CSV,中文,2020-07-09T00:00:00,/api/dataset/37621451-9492-4081-bf59-8b12f7a613fc/resource/8d0325d4-da4a-4259-8f4b-7a0be4db646b/download,"為瞭解來臺旅客在臺北市之消費及動向，觀光傳播局自101年開始辦理「來臺旅客在臺北市之消費及動向調查」，主要目的在推估來臺旅客到訪臺北市的比率、旅遊動機、動向、在臺北市之消費金額及消費情形，對臺北市的印象等，所得訊息供相關單位訂定觀光宣傳推廣策略、改善觀光設施及提昇服務品質之參考。
","資料項目、內容說明、更新時間、語版、介接網址、縣市、縣市代碼
",智慧通勤:0; 韌性防災:0; 永續環境:0; 食安健康:0; 勞動福祉:0; 文化共融:2
taipei,4e1ef59c-33c8-4cd2-8657-5c18a5ac4f99,00029518,臺北市公務人員協會歷年聯誼暨教育訓練活動人次統計表,文化共融,False,True,True,table,文化活動與觀光資源分布,False,2,統計,公共資訊,原始資料,人事處,,人事處,每1年,ODS,中文,2022-07-22T00:00:00,/api/dataset/4e1ef59c-33c8-4cd2-8657-5c18a5ac4f99/resource/688c10f9-fb7c-4f2d-9d7c-ebb8391a44a1/download,臺北市公務人員協會聯誼暨教育訓練活動人次統計表,年度、活動名稱、梯次、辦理時間、參加人次,智慧通勤:0; 韌性防災:0; 永續環境:0; 食安健康:0; 勞動福祉:0; 文化共融:1
taipei,8a8b1640-a80c-4bfd-a7dc-e96608987dbb,00003351,臺北市十大行業登記家數統計表,文化共融,False,True,True,table,文化活動與觀光資源分布,False,2,統計,休閒旅遊,原始資料,產業局,商業處,產業局商業處,不定期更新,CSV,中文,2022-01-12T00:00:00,/api/dataset/8a8b1640-a80c-4bfd-a7dc-e96608987dbb/resource/bc1c7446-6380-44d8-ba38-fd7664f2e94f/download,臺北市內十大行業登記家數統計表,行業別、電子遊戲場業、資訊休閒業、八大行業、合計,智慧通勤:0; 韌性防災:0; 永續環境:0; 食安健康:0; 勞動福祉:0; 文化共融:1
taipei,349b878c-d404-4f51-916c-f8dd6867ecf9,00002404,臺北市原住民部落大學,文化共融,False,True,True,table,文化活動與觀光資源分布,False,2,統計,公共資訊,原始資料,主計處,,主計處,每1年,CSV,中文,2022-03-21T00:00:00,https://tsis.dbas.gov.taipei/statis/webMain.aspx?sys=220&ymf=10400&kind=21&type=0&funid=a05040101&cycle=4&outmode=12&compmode=0&outkind=1&deflst=2&nzo=1,臺北市原住民部落大學時間數列統計資料,統計期、辦理班次/總計[班次]、辦理班次/文化類[班次]、辦理班次/技藝類[班次]、辦理課程數/總計[班]、辦理課程數/文化類[班]、辦理課程數/技藝類[班]、學員人次/總計[人次]、學員人次/男[人次]、學員人次/女[人次],智慧通勤:0; 韌性防災:0; 永續環境:0; 食安健康:0; 勞動福祉:0; 文化共融:1
taipei,67769480-7fe4-4976-88e2-1726fac9e5b8,00003240,臺北市各級學校圖書館概況,文化共融,False,True,True,table,文化活動與觀光資源分布,False,2,教育,求學及進修,原始資料,教育局,,教育局,每1年,CSV,中文,2020-12-02T00:00:00,/api/dataset/67769480-7fe4-4976-88e2-1726fac9e5b8/resource/ed4b45ef-fd80-4456-a381-0ce0038e33da/download,103至113學年臺北市各級學校圖書館概況,項次、民國年、高級中等學校/圖書收藏冊數【統計數值】、國民中學/圖書收藏冊數【統計數值】、國民小學/圖書收藏冊數【統計數值】、高級中等學校/圖書借閱人次、國民中學/圖書借閱人次、國民小學/圖書借閱人次,智慧通勤:0; 韌性防災:0; 永續環境:0; 食安健康:0; 勞動福祉:0; 文化共融:1
taipei,800fc482-478a-4971-ade1-dd8551610781,00002027,臺北市圖書育樂按月別,文化共融,False,True,True,table,文化活動與觀光資源分布,False,2,統計,公共資訊,原始資料,主計處,,主計處,每1月,CSV,中文,2022-02-17T00:00:00,https://tsis.dbas.gov.taipei/statis/webMain.aspx?sys=220&ymf=8701&kind=21&type=0&funid=a04001101&cycle=1&outmode=12&compmode=0&outkind=1&deflst=2&nzo=1,"臺北市圖書育樂按月別時間數列統計資料
",統計期、市立圖書館館數[所]、市立圖書館藏書冊數[冊]、市立圖書館外借圖書冊數[冊]、市立圖書館每千人享有圖書冊數[冊]、電影戲劇家數[家]、電影戲劇觀賞人次[人次]、體育活動參加人次[人次]、運動中心使用人次[人次]、小巨蛋使用人次[人次],智慧通勤:0; 韌性防災:0; 永續環境:0; 食安健康:0; 勞動福祉:0; 文化共融:2
taipei,4484e21c-4771-4d98-aee6-5c5985385cad,00002169,臺北市客家文化主題公園收費基準表(周邊廣場),文化共融,False,True,True,table,文化活動與觀光資源分布,False,2,族群,公共資訊,原始資料,客委會,,客委會,不定期更新,CSV,中文,2020-11-06T00:00:00,/api/dataset/4484e21c-4771-4d98-aee6-5c5985385cad/resource/8c25dfb6-607f-4d01-90a1-c6097f0ea0df/download,客家文化主題公園收費基準表(周邊廣場),編號、場地名稱、坪數、平方公尺、總價金額、基本費金額、維護管理費金額、總價金額、基本費金額、維護管理費金額、保證金金額,智慧通勤:0; 韌性防災:0; 永續環境:0; 食安健康:0; 勞動福祉:0; 文化共融:1
taipei,53ebc3f1-fe8e-4232-89bd-08c8f2ab618e,00002168,臺北市客家文化主題公園收費基準表(客家文化中心及客家戲劇中心),文化共融,False,True,True,table,文化活動與觀光資源分布,False,2,族群,公共資訊,原始資料,客委會,,客委會,不定期更新,CSV,中文,2020-11-06T00:00:00,/api/dataset/53ebc3f1-fe8e-4232-89bd-08c8f2ab618e/resource/8c959925-86f8-4261-bebd-d7c68d9a3fb0/download,客家文化主題公園收費基準表(客家文化中心及客家戲劇中心)等室內空間計費,場地名稱、面積（可容納人數或座位）、基本費、水電費、保證金,智慧通勤:0; 韌性防災:0; 永續環境:0; 食安健康:0; 勞動福祉:0; 文化共融:1
taipei,df018d94-6a6e-449d-8d4b-6abff009c5b7,00003436,臺北市客家文化活動補助申請情形,文化共融,False,True,True,table,文化活動與觀光資源分布,False,2,族群,公共資訊,原始資料,客委會,,客委會,不定期更新,CSV,中文,2020-12-23T00:00:00,/api/dataset/df018d94-6a6e-449d-8d4b-6abff009c5b7/resource/aa561680-fdac-4f59-a8d4-9d47fc3cd5f7/download,提供臺北市政府客家委員會客家文化活動補助申請情形之季別、申請件數量、核准件數量、補助金額、核發機關、省市縣市鄉鎮市區代碼,季別、申請件數量、核准件數量、補助金額、核發機關、省市縣市鄉鎮市區代碼,智慧通勤:0; 韌性防災:0; 永續環境:0; 食安健康:0; 勞動福祉:1; 文化共融:2
taipei,0575c881-a41f-4bd1-9c09-769243544c53,00029652,臺北市影視協拍統計數據,文化共融,False,True,True,table,文化活動與觀光資源分布,False,2,文化,公共資訊,原始資料,文化局,,文化局,不定期更新,CSV,中文,2022-08-22T00:00:00,/api/dataset/0575c881-a41f-4bd1-9c09-769243544c53/resource/081b7e2f-3e51-48e6-b017-c7a35bd7b855/download,臺北市協拍統計數據,主管機關、主管機關代碼、年度、類別、協拍數量、說明,智慧通勤:0; 韌性防災:0; 永續環境:0; 食安健康:0; 勞動福祉:0; 文化共融:3
taipei,8327d361-4c78-4fbc-8917-b94681a4a566,00002496,臺北市政府客家文化活動補助申請情形,文化共融,False,True,True,table,文化活動與觀光資源分布,False,2,族群,公共資訊,原始資料,客委會,,客委會,不定期更新,CSV,中文,2020-11-06T00:00:00,/api/dataset/8327d361-4c78-4fbc-8917-b94681a4a566/resource/cc7abac4-8217-4673-985b-bf65bade5342/download,提供臺北市政府客家委員會客家文化活動補助申請情形之季別、申請件數量、核准件數量、補助金額、核發機關、省市縣市鄉鎮市區代碼,季別、申請件數量、核准件數量、補助金額、核發機關、省市縣市鄉鎮市區代碼,智慧通勤:0; 韌性防災:0; 永續環境:0; 食安健康:0; 勞動福祉:1; 文化共融:2
taipei,335bd5fe-5561-4e13-9c8c-2b26a75a9755,00002565,臺北市政府專書閱讀心得寫作競賽得獎統計表,文化共融,False,True,True,table,文化活動與觀光資源分布,False,2,統計,公共資訊,原始資料,人事處,,人事處,不定期更新,CSV,中文,2021-12-29T00:00:00,/api/dataset/335bd5fe-5561-4e13-9c8c-2b26a75a9755/resource/6d5ab0df-efc5-477d-b6ff-e46f0f528c0d/download,收錄本府辦理專書閱讀心得寫作競賽得獎統計情形,年度、本府各機關薦送心得寫作篇數、本府初審篇數、薦送國家文官學院舉辦之年度全國公務人員專書閱讀心得寫作競賽活動篇數、獲獎篇數,智慧通勤:0; 韌性防災:0; 永續環境:0; 食安健康:0; 勞動福祉:0; 文化共融:1
taipei,cde72570-11f5-4b17-8e95-422c805ebf39,00002778,臺北市政府文化局經費概況,文化共融,False,True,True,table,文化活動與觀光資源分布,False,2,文化,公共資訊,原始資料,文化局,,文化局,不定期更新,CSV,中文,2020-11-05T00:00:00,/api/dataset/cde72570-11f5-4b17-8e95-422c805ebf39/resource/cbb12f95-08c5-403f-8418-a041218752a0/download,臺北市政府文化局經費概況說明,款、項、目、節、科目名稱及編號、原預算數金額、預算增減數金額、預算數合計金額、實現數金額、保留數金額、決算數合計金額、比較增減數金額、決算數占預算數之比率、說明,智慧通勤:0; 韌性防災:0; 永續環境:0; 食安健康:0; 勞動福祉:0; 文化共融:3
taipei,3734ac48-c652-4ef8-b630-fb12ef63e56a,00001013,臺北市政府文化局藝文補助案,文化共融,False,True,True,table,文化活動與觀光資源分布,False,2,文化,公共資訊,網路服務,文化局,,文化局,不定期更新,CSV,中文,2020-07-13T00:00:00,/api/dataset/3734ac48-c652-4ef8-b630-fb12ef63e56a/resource/5c9badd1-33f0-408d-a5c7-d317ccd8ed97/download,收錄臺北市政府文化局近年藝文補助案相關資料,年度、類別、補助對象、補助計畫名稱、核定補助金額,智慧通勤:0; 韌性防災:0; 永續環境:0; 食安健康:0; 勞動福祉:1; 文化共融:4
taipei,e44dabb7-24ed-40bd-afb0-09e203a6e82a,00029367,臺北市政府觀光傳播局人民申請案件項目及處理期限,文化共融,False,True,True,table,文化活動與觀光資源分布,False,2,觀光,休閒旅遊,原始資料,觀傳局,,觀傳局,不定期更新,CSV,中文,2022-06-27T00:00:00,/api/dataset/e44dabb7-24ed-40bd-afb0-09e203a6e82a/resource/ef6b22ab-c053-444c-a986-c8dd5a8dc5a6/download,觀光傳播局人民申請案件項目及處理期限,申請案件項目、網路申辦處理天數、一般申請處理天數、負責科室、負責局處,智慧通勤:0; 韌性防災:0; 永續環境:0; 食安健康:0; 勞動福祉:0; 文化共融:4
taipei,58c763a0-c534-49a4-a3d7-4e8fd9cb9ae3,00029359,臺北市政府體育局開放式運動場地開放時間及收費基準表,文化共融,False,True,True,table,文化活動與觀光資源分布,False,2,觀光,休閒旅遊,原始資料,體育局,,體育局,每1年,CSV,中文,2022-06-17T00:00:00,/api/dataset/58c763a0-c534-49a4-a3d7-4e8fd9cb9ae3/resource/1433cca5-2799-433c-8103-bc52d15f54cf/download,臺北市政府體育局開放式運動場地開放時間及收費基準表，內容包含開放式運動場地種類、每小時場地使用收費金額（元）、每小時照明收費金額（元）、其他收費項目（元）、備註,開放式運動場地種類、每小時場地使用收費金額（元）、每小時照明收費金額（元）、其他收費項目（元）、備註,智慧通勤:0; 韌性防災:0; 永續環境:0; 食安健康:0; 勞動福祉:0; 文化共融:4
taipei,16a1db06-9ce6-4035-8465-b9bde414836e,00002400,臺北市旅宿業及來臺旅客,文化共融,False,True,True,table,文化活動與觀光資源分布,False,2,統計,休閒旅遊,原始資料,主計處,,主計處,每1年,CSV,中文,2021-02-24T00:00:00,https://tsis.dbas.gov.taipei/statis/webMain.aspx?sys=220&ymf=5700&kind=21&type=0&funid=a05010901&cycle=4&outmode=12&compmode=0&outkind=3&deflst=2&nzo=1,臺北市旅宿業及來臺旅客時間數列統計資料,統計期、旅行社家數[家]、觀光旅館/家數/國際旅館[家]、觀光旅館/家數/一般旅館[家]、觀光旅館/客房數數值/國際旅館[間]、觀光旅館/客房數數值/一般旅館[間]、觀光旅館/住房人次/國際旅館[人次]、觀光旅館/住房人次/一般旅館[人次]、觀光旅館/住用率/總計[%]、觀光旅館/住用率/國際旅館[%]、觀光旅館/住用率/一般旅館[%]、觀光旅館/平均房價金額/國際旅館[元]、觀光旅館/平均房價金額/一般旅館[元]、觀光旅館/業務檢查家次[家次]、一般旅館/家數[家]、一般旅館/客房數數值[間]、一般旅館/業務檢查家次[家次]、來臺旅客/到訪人次[人次]、來臺旅客/平均每人每日消費金額[美金],智慧通勤:0; 韌性防災:0; 永續環境:0; 食安健康:0; 勞動福祉:0; 文化共融:2
taipei,def9f551-f69f-4454-93b6-7df956b7275e,00003450,臺北市旅宿業裁罰紀錄表,文化共融,False,True,True,table,文化活動與觀光資源分布,False,2,觀光,休閒旅遊,網路服務,觀傳局,,觀傳局,每3月,CSV,中文,2020-12-24T00:00:00,/api/dataset/def9f551-f69f-4454-93b6-7df956b7275e/resource/ea781d36-8828-4d54-ac72-51af5b560a4d/download,臺北市旅宿業裁罰資料,縣市別、縣市代碼、年序號、裁罰日期、旅館名稱、裁罰原因、裁罰金額（新臺幣元）,智慧通勤:0; 韌性防災:0; 永續環境:0; 食安健康:0; 勞動福祉:0; 文化共融:4
taipei,31038d28-9a76-410c-81ab-e22bd9ae4158,00003447,臺北市民宿家數,文化共融,False,True,True,table,文化活動與觀光資源分布,False,2,觀光,休閒旅遊,網路服務,觀傳局,,觀傳局,不定期更新,CSV,中文,2020-12-24T00:00:00,/api/dataset/31038d28-9a76-410c-81ab-e22bd9ae4158/resource/a83838bd-47e4-4245-b97e-49e2439fd7c3/download,臺北市合法民宿家數,年度、月份、縣市別、家數、房間數量,智慧通勤:0; 韌性防災:0; 永續環境:0; 食安健康:0; 勞動福祉:0; 文化共融:4
taipei,ce088b02-e1a7-4d7a-9c7f-3fec09651cdd,00003289,臺北市水域系列活動概況統計,文化共融,False,True,True,table,文化活動與觀光資源分布,False,2,統計,公共資訊,原始資料,體育局,,體育局,每1年,CSV,中文,2020-12-14T00:00:00,/api/dataset/ce088b02-e1a7-4d7a-9c7f-3fec09651cdd/resource/0cf088ec-76a6-4f0e-b4f1-c2172a1537b1/download,臺北市水域系列活動概況統計統計,年度、競賽活動場次、競賽活動參與人次、研習或體驗活動場次、研習或體驗活動參與人次、其他活動場次、其他活動參與人次,智慧通勤:0; 韌性防災:0; 永續環境:0; 食安健康:0; 勞動福祉:0; 文化共融:1
taipei,8c287983-2f74-416e-b736-90a3047e4a40,00002386,臺北市社教活動概況,文化共融,False,True,True,table,文化活動與觀光資源分布,False,2,統計,公共資訊,原始資料,主計處,,主計處,每1年,CSV,中文,2021-03-24T00:00:00,https://tsis.dbas.gov.taipei/statis/webMain.aspx?sys=220&ymf=5700&kind=21&type=0&funid=a05010701&cycle=4&outmode=12&compmode=0&outkind=1&deflst=2&nzo=1,臺北市社教活動概況時間數列統計資料,統計期、圖書館館數[所]、民眾閱覽室[所]、智慧圖書館[所]、自助借書站[所]、圖書館藏書冊數/總計[冊]、圖書館藏書冊數/中文[冊]、圖書館藏書冊數/外文[冊]、圖書館藏書冊數/視聽[冊]、圖書館期刊冊數/總計[冊]、圖書館期刊冊數/中文[冊]、圖書館期刊冊數/外文[冊]、圖書館電子書收藏數[種]、圖書館圖書資訊借閱人次[人次]、圖書館圖書資訊借閱冊數[冊次]、圖書館進館人次[人次]、電影教育觀賞人次[人次]、電影戲劇家數[家]、電影戲劇廳數[廳]、電影戲劇觀覽人次[人次]、運動中心座數[座]、運動中心使用人次[人次]、體育活動競賽次數[次]、體育活動競賽人次[人次]、游泳池池數[座]、游泳池入場人次[人次],智慧通勤:0; 韌性防災:0; 永續環境:0; 食安健康:0; 勞動福祉:0; 文化共融:2
taipei,7301460f-9e59-4448-84dd-383cd0dc3d14,00029352,臺北市立美術館_申請案件,文化共融,False,True,True,table,文化活動與觀光資源分布,False,2,文化,休閒旅遊,原始資料,文化局,北美館,文化局北美館,不定期更新,CSV,中文,2022-06-17T00:00:00,/api/dataset/7301460f-9e59-4448-84dd-383cd0dc3d14/resource/82f46226-df6b-49ec-b5ab-f9a26b39a03f/download,臺北市立美術館申請案件說明(本資料集開放授權應用內容僅限文字範圍，圖片、聲音及影片等多媒體資訊不在開放授權範圍),"name、year、CountyCode、LocalCallService、AgencyCodes
",智慧通勤:0; 韌性防災:0; 永續環境:0; 食安健康:0; 勞動福祉:0; 文化共融:4
taipei,84f1c405-aaa9-430d-8797-8a8337767488,00003706,臺北市立美術館申請展近期統計資料,文化共融,False,True,True,table,文化活動與觀光資源分布,False,2,文化,公共資訊,原始資料,文化局,北美館,文化局北美館,每1年,CSV,中文,2021-01-13T00:00:00,/api/dataset/84f1c405-aaa9-430d-8797-8a8337767488/resource/aad81d3b-5005-4d8c-acd7-2be843a2d7e7/download,臺北市立美術館115年申請展作品類統計資料,民國年、平面、立體、影音複合媒體、總計/入選、入選率、機關代碼,智慧通勤:0; 韌性防災:0; 永續環境:0; 食安健康:0; 勞動福祉:0; 文化共融:3
taipei,e6484892-6485-4af8-8223-f51ff7d8c694,00002373,臺北市藝文活動(77年至93年),文化共融,False,True,True,table,文化活動與觀光資源分布,False,2,統計,休閒旅遊,原始資料,主計處,,主計處,每1年,CSV,中文,2020-10-15T00:00:00,https://tsis.dbas.gov.taipei/statis/webMain.aspx?sys=220&ymf=7700&ymt=9300&kind=21&type=0&funid=a05010601&cycle=4&outmode=12&compmode=0&outkind=1&deflst=2&nzo=1,臺北市藝文活動(77年至93年)時間數列統計資料,統計期、辦理場次[場次]、每月辦理場次[場次]、參與人次/總計[人次]、參與人次/音樂活動[人次]、參與人次/舞蹈活動[人次]、參與人次/戲劇活動[人次]、參與人次/民俗活動[人次]、參與人次/美術活動[人次]、參與人次/其他[人次],智慧通勤:0; 韌性防災:0; 永續環境:0; 食安健康:0; 勞動福祉:0; 文化共融:3
taipei,8550a216-b338-40b7-a1b1-2def89457043,00002374,臺北市藝文活動(94年以後),文化共融,False,True,True,table,文化活動與觀光資源分布,False,2,統計,休閒旅遊,原始資料,主計處,,主計處,每1年,CSV,中文,2020-10-15T00:00:00,https://tsis.dbas.gov.taipei/statis/webMain.aspx?sys=220&ymf=9400&kind=21&type=0&funid=a05010602&cycle=4&outmode=12&compmode=0&outkind=1&deflst=2&nzo=1,臺北市藝文活動(94年以後)時間數列統計資料,統計期、活動個數/總計[個]、活動個數/綜合[個]、活動個數/視覺藝術[個]、活動個數/工藝[個]、活動個數/設計[個]、活動個數/古典與傳統音樂[個]、活動個數/流行音樂[個]、活動個數/戲劇[個]、活動個數/舞蹈[個]、活動個數/說唱[個]、活動個數/影視廣播[個]、活動個數/文化資產[個]、活動個數/語文[個]、活動個數/圖書[個]、活動個數/其他[個]、參與人次[千人次],智慧通勤:0; 韌性防災:0; 永續環境:0; 食安健康:0; 勞動福祉:0; 文化共融:4
taipei,e417fca7-9a62-4f95-822e-4870ec1aa711,00002372,臺北市藝文館所及街頭藝人,文化共融,False,True,True,table,文化活動與觀光資源分布,False,2,統計,休閒旅遊,原始資料,主計處,,主計處,每1年,CSV,中文,2020-10-15T00:00:00,https://tsis.dbas.gov.taipei/statis/webMain.aspx?sys=220&ymf=9500&kind=21&type=0&funid=a05010501&cycle=4&outmode=12&compmode=0&outkind=1&deflst=2&nzo=1,臺北市藝文館所及街頭藝人時間數列統計資料,統計期、藝文館所/館所數[所]、藝文館所/參訪人次[千人次]、演藝團體個數[個]、街頭藝人/許可證有效證照數[張]、街頭藝人/表演場地數[處]、古蹟/國定[處]、古蹟/市定[處]、受保護樹木[株],智慧通勤:0; 韌性防災:0; 永續環境:0; 食安健康:0; 勞動福祉:0; 文化共融:4
taipei,94f6c25d-ee21-4f59-ba57-3c2017462001,00003627,臺北市觀光傳播局109年度觀光手冊文宣品發行一覽表,文化共融,False,True,True,table,文化活動與觀光資源分布,False,2,觀光,休閒旅遊,原始資料,觀傳局,,觀傳局,不定期更新,CSV,中文,2021-01-04T00:00:00,/api/dataset/94f6c25d-ee21-4f59-ba57-3c2017462001/resource/22b1ca0c-48eb-4055-8133-924a8527e5e1/download,觀光傳播局109年度發行之觀光手冊文宣品名稱、出版時間、語版、發行量與閱覽連結,名稱、出版年月、語版、數量、閱覽連結,智慧通勤:0; 韌性防災:0; 永續環境:0; 食安健康:0; 勞動福祉:0; 文化共融:4
taipei,f823a92b-a3cc-4445-adc2-cf62c65e47a0,00004075,臺北市觀光傳播局110年度觀光手冊文宣品發行一覽表,文化共融,False,True,True,table,文化活動與觀光資源分布,False,2,觀光,休閒旅遊,原始資料,觀傳局,,觀傳局,不定期更新,CSV,中文,2022-01-17T00:00:00,/api/dataset/f823a92b-a3cc-4445-adc2-cf62c65e47a0/resource/463a715d-5020-4015-bdb4-d077bc875126/download,觀光傳播局110年度觀光手冊文宣品名稱、出版時間、語版、發行量與閱覽連結,名稱、出版年月、語版、數量、閱覽連結,智慧通勤:0; 韌性防災:0; 永續環境:0; 食安健康:0; 勞動福祉:0; 文化共融:4
taipei,0a2139b4-7822-4dd3-b7a1-1990770f055a,00002553,臺北市觀光遊憩按月別,文化共融,False,True,True,table,文化活動與觀光資源分布,False,2,統計,休閒旅遊,原始資料,主計處,,主計處,每1月,CSV,中文,2021-12-22T00:00:00,https://tsis.dbas.gov.taipei/statis/webMain.aspx?sys=220&ymf=8701&kind=21&type=0&funid=a04001201&cycle=1&outmode=12&compmode=0&outkind=1&deflst=2&nzo=1,"臺北市觀光遊憩按月別時間數列統計資料
",統計期、臺北市立美術館參觀人次、臺北市立動物園參觀人次、臺北市立兒童新樂園入園人次、臺北市立天文科學教育館參觀人次、士林官邸公園參觀人次、臺北自來水園區參觀人次、北投溫泉博物館參觀人次、台北探索館參觀人次、藍色水路載客人次,智慧通勤:0; 韌性防災:0; 永續環境:0; 食安健康:0; 勞動福祉:0; 文化共融:3
taipei,b8894597-e6df-4ff3-946a-fe9152e22cad,00002486,臺北市警察機關處理集會遊行,文化共融,False,True,True,table,文化活動與觀光資源分布,False,2,統計,公共資訊,原始資料,主計處,,主計處,每1年,CSV,中文,2022-01-27T00:00:00,https://tsis.dbas.gov.taipei/statis/webMain.aspx?sys=220&ymf=8000&kind=21&type=0&funid=a05029401&cycle=4&outmode=12&compmode=0&outkind=3&deflst=2&nzo=1,臺北市警察機關處理集會遊行時間數列統計資料,統計期、件數總計[件]、件數按活動方式/室外集會[件]、件數按活動方式/室外遊行[件]、件數按活動方式/室內集會[件]、件數按活動狀況/舉行[件]、件數按活動狀況/未舉行[件]、使用警力/總計[人次]、使用警力/現場部署[人次]、使用警力/現場待命[人次]、使用警力/駐地待命[人次],智慧通勤:0; 韌性防災:0; 永續環境:0; 食安健康:0; 勞動福祉:0; 文化共融:1
taipei,8b243844-076f-4260-91b5-dcd3025f27d0,00002396,臺北市體育活動概況,文化共融,False,True,True,table,文化活動與觀光資源分布,False,2,統計,公共資訊,原始資料,主計處,,主計處,每1年,CSV,中文,2020-10-16T00:00:00,https://tsis.dbas.gov.taipei/statis/webMain.aspx?sys=220&ymf=10400&kind=21&type=0&funid=a05010801&cycle=4&outmode=12&compmode=0&outkind=1&deflst=2&nzo=1,臺北市體育活動概況時間數列統計資料,統計期、參與體育局舉辦之體育活動人次[人次]、參與體育局舉辦之體育活動人次/全民體育[人次]、參與體育局舉辦之體育活動人次/競技體育活動[人次]、全國運動會得獎獎次[次]、全國中等學校運動會得牌數[面]、各級學校參加國際競賽/得獎獎次[次]、各級學校參加國際競賽/得獎人次[人次]、各級學校參加全國競賽/得獎獎次[次]、各級學校參加全國競賽/得獎人次[人次],智慧通勤:0; 韌性防災:0; 永續環境:0; 食安健康:0; 勞動福祉:0; 文化共融:1
taipei,005bc3af-7d1c-419a-92bc-0007d8d9e2a8,00003703,臺北美術獎近期徵件資料,文化共融,False,True,True,table,文化活動與觀光資源分布,False,2,文化,公共資訊,原始資料,文化局,北美館,文化局北美館,每1年,CSV,中文,2021-01-14T00:00:00,/api/dataset/005bc3af-7d1c-419a-92bc-0007d8d9e2a8/resource/3e3e86cd-75d6-4289-9022-a339630b64ee/download,「2025臺北美術獎」徵件作品數量資料,年度、總計/入選、入選率、CountyCode、機關代碼,智慧通勤:0; 韌性防災:0; 永續環境:0; 食安健康:0; 勞動福祉:0; 文化共融:3
newtaipei,4FE7DED9-6B3A-44FD-A8B1-FEC547BD94F9,,114年度新北市青年參與社區營造獎勵計畫執行名單,文化共融,False,True,False,table,文化活動與觀光資源分布,False,1,文化,生活安全及品質,,,,新北市政府文化局/藝文推廣科/社區文化股,每年,JSON、CSV、XML,中文,,https://data.ntpc.gov.tw/datasets/4fe7ded9-6b3a-44fd-a8b1-fec547bd94f9,114年度新北市青年參與社區營造獎勵計畫執行名單及計畫簡介,,智慧通勤:0; 韌性防災:0; 永續環境:0; 食安健康:0; 勞動福祉:0; 文化共融:3
newtaipei,F54DED71-EB04-466D-BB6D-DD948C8D8502,,各商圈理事長聯絡資料,文化共融,False,True,False,table,文化活動與觀光資源分布,False,1,經濟,休閒旅遊,,,,新北市政府經濟發展局/商業發展科,每年,JSON、CSV、XML,中文,,https://data.ntpc.gov.tw/datasets/f54ded71-eb04-466d-bb6d-dd948c8d8502,各商圈理事長聯絡資料。,,智慧通勤:0; 韌性防災:0; 永續環境:0; 食安健康:0; 勞動福祉:0; 文化共融:2
newtaipei,DE26BBA3-B087-4B8B-A361-079AB2E4C7A9,,客家文化,文化共融,False,True,False,table,文化活動與觀光資源分布,False,1,統計,公共資訊,,,,新北市政府主計處/公務統計科,每年,JSON、CSV、XML,中文,,https://data.ntpc.gov.tw/datasets/de26bba3-b087-4b8b-a361-079ab2e4c7a9,"1.新北市客家文化(含性別)
2.單位：人；%
3.各項欄位說明詳參新北市性別圖像電子檔(網址：http://www.bas.ntpc.gov.tw/home.jsp?id=MTI5)或電洽主計處查詢。",,智慧通勤:0; 韌性防災:0; 永續環境:0; 食安健康:0; 勞動福祉:0; 文化共融:1
newtaipei,0E719F1C-C1A8-4428-9D46-DB942ED414A9,,市民文化,文化共融,False,True,False,table,文化活動與觀光資源分布,False,1,統計,公共資訊,,,,新北市政府主計處/公務統計科,每年,JSON、CSV、XML,中文,,https://data.ntpc.gov.tw/datasets/0e719f1c-c1a8-4428-9d46-db942ed414a9,"1.新北市市民文化(含性別)
2.單位：人次；冊；人
3.各項欄位說明詳參新北市性別圖像電子檔(網址：http://www.bas.ntpc.gov.tw/home.jsp?id=MTI5)或電洽主計處查詢。
",,智慧通勤:0; 韌性防災:0; 永續環境:0; 食安健康:0; 勞動福祉:0; 文化共融:1
newtaipei,9766C572-B044-45EC-95AA-E8E9BB2A61CE,,新北好市金讚獎市場及攤位獲獎名單,文化共融,False,True,False,table,文化活動與觀光資源分布,False,1,經濟,休閒旅遊,,,,新北市政府經濟發展局/新北市政府市場處/秘書室,不更新,JSON、CSV、XML,中文,,https://data.ntpc.gov.tw/datasets/9766c572-b044-45ec-95aa-e8e9bb2a61ce,109年新北好市金讚獎市場及攤位獲獎名單。,,智慧通勤:0; 韌性防災:0; 永續環境:0; 食安健康:0; 勞動福祉:0; 文化共融:1
newtaipei,53AC5D2F-A16D-45C2-B103-78AFF1033181,,新北好禮,文化共融,False,True,False,table,文化活動與觀光資源分布,False,1,經濟,休閒旅遊,,,,新北市政府經濟發展局/商業發展科,不更新,JSON、CSV、XML,中文,,https://data.ntpc.gov.tw/datasets/53ac5d2f-a16d-45c2-b103-78aff1033181,新北好禮業者獲獎名單,,智慧通勤:0; 韌性防災:0; 永續環境:0; 食安健康:0; 勞動福祉:0; 文化共融:1
newtaipei,785BE91A-CAAF-4E1C-91D6-F7D616D31A45,,新北市公有市場及超市清冊,文化共融,False,True,False,table,文化活動與觀光資源分布,False,1,經濟,休閒旅遊,,,,新北市政府經濟發展局/新北市政府市場處/秘書室,每年,JSON、CSV、XML,中文,,https://data.ntpc.gov.tw/datasets/785be91a-caaf-4e1c-91d6-f7d616d31a45,新北市公有市場及超市清冊。,,智慧通勤:0; 韌性防災:0; 永續環境:0; 食安健康:0; 勞動福祉:0; 文化共融:1
newtaipei,02B8E687-DAC6-4656-BAF7-95209DBB1614,,新北市公有攤販集中場清冊,文化共融,False,True,False,table,文化活動與觀光資源分布,False,1,經濟,休閒旅遊,,,,新北市政府經濟發展局/新北市政府市場處/秘書室,不更新,JSON、CSV、XML、KML,中文,,https://data.ntpc.gov.tw/datasets/02b8e687-dac6-4656-baf7-95209dbb1614,新北市公有攤販集中場名冊,,智慧通勤:0; 韌性防災:0; 永續環境:0; 食安健康:0; 勞動福祉:0; 文化共融:1
newtaipei,1DBA5442-F90D-4032-B8D8-26844BEC88DD,,新北市客家文化園區出版品,文化共融,False,True,False,table,文化活動與觀光資源分布,False,1,教育,公共資訊,,,,新北市政府客家事務局/秘書室,每年,JSON、CSV、XML,中文,,https://data.ntpc.gov.tw/datasets/1dba5442-f90d-4032-b8d8-26844bec88dd,新北市客家文化園區出版品資訊，內容包含書名、作者、出版日期、定價、國際標準書號、政府出版品統一編號,,智慧通勤:0; 韌性防災:0; 永續環境:0; 食安健康:0; 勞動福祉:0; 文化共融:1
newtaipei,EFD09EDE-CBEF-4CE5-80A2-511E56842A00,,新北市客家文化園區場地使用收費標準,文化共融,False,True,False,table,文化活動與觀光資源分布,False,1,資訊,公共資訊,,,,新北市政府客家事務局/秘書室,每年,JSON、CSV、XML,中文,,https://data.ntpc.gov.tw/datasets/efd09ede-cbef-4ce5-80a2-511e56842a00,"一、申請使用新北市客家文化園區場地，經新北市政府(以下簡稱本府)客家事務局(以下簡稱本局)審查核准者，其應繳納之各項費用及保證金如附表。
二、本府及所屬機關、學校以前項場地主辦活動者，經本局審查核准，得免收場地使用費。
三、各場地使用時間如下：
上午次：09：00 - 12：00
下午次：14：00 - 17：00
晚間次：18：00 - 22：00

前項機關、學校協辦活動者，得收取半數場地使用費及免收保證金。",,智慧通勤:0; 韌性防災:0; 永續環境:0; 食安健康:0; 勞動福祉:0; 文化共融:2
newtaipei,B16D00B6-C1CB-4CEB-A30F-72F2D88FFA83,,新北市客家文化園區場地使用管理要點,文化共融,False,True,False,table,文化活動與觀光資源分布,False,1,資訊,公共資訊,,,,新北市政府客家事務局/秘書室,不更新,JSON、CSV、XML,中文,,https://data.ntpc.gov.tw/datasets/b16d00b6-c1cb-4ceb-a30f-72f2d88ffa83,新北市客家文化園區場地使用管理要點。,,智慧通勤:0; 韌性防災:0; 永續環境:0; 食安健康:0; 勞動福祉:0; 文化共融:1
newtaipei,F3782313-6F12-4958-A5B3-3D29F72FAC84,,新北市政府徵選獎勵傑出演藝團隊補助作業要點,文化共融,False,True,False,table,文化活動與觀光資源分布,False,1,文化,休閒旅遊,,,,新北市政府文化局/藝術展演科/表演藝術股,不更新,JSON、CSV、XML,中文,,https://data.ntpc.gov.tw/datasets/f3782313-6f12-4958-a5b3-3d29f72fac84,新北市政府為執行文化部補助直轄市及縣（市）政府辦理縣市傑出演藝團隊徵選及獎勵計畫作業要點之規定，以獎勵並扶植新北市傑出演藝團隊，使其永續經營，提升創作及演出水準，特訂定本要點。,,智慧通勤:0; 韌性防災:0; 永續環境:0; 食安健康:0; 勞動福祉:1; 文化共融:5
newtaipei,781B822E-214A-4B9A-B4DB-32C9F4626D98,,新北市政府文化局藝文活動,文化共融,False,True,False,table,文化活動與觀光資源分布,False,1,文化,休閒旅遊,,,,新北市政府文化局/秘書室,每日,JSON、CSV、XML,中文,,https://data.ntpc.gov.tw/datasets/781b822e-214a-4b9a-b4db-32c9f4626d98,新北市政府文化局藝文活動。,,智慧通勤:0; 韌性防災:0; 永續環境:0; 食安健康:0; 勞動福祉:0; 文化共融:6
newtaipei,7744C844-C534-40F8-AF9C-810DDAD5EAAA,,新北市政府活動訊息_下載附件版,文化共融,False,True,False,table,文化活動與觀光資源分布,False,1,資訊,公共資訊,,,,新北市政府研究發展考核委員會/新北市政府資訊中心/網際服務科,每日,JSON、CSV、XML,中文,,https://data.ntpc.gov.tw/datasets/7744c844-c534-40f8-af9c-810ddad5eaaa,本項資料係配合市府官網改版作業所調整，用以取代平台上既有之「新北市政府活動訊息」資料項目，並增加附件下載，且不包含html語法，詳情請參考最新消息及說明檔案。,,智慧通勤:0; 韌性防災:0; 永續環境:0; 食安健康:0; 勞動福祉:0; 文化共融:1
newtaipei,B3E2C8A4-62CE-41B1-9FDD-61F70CEF7721,,新北市政府辦理演藝活動補助作業要點,文化共融,False,True,False,table,文化活動與觀光資源分布,False,1,文化,休閒旅遊,,,,新北市政府文化局/藝術展演科/表演藝術股,不更新,JSON、CSV、XML,中文,,https://data.ntpc.gov.tw/datasets/b3e2c8a4-62ce-41b1-9fdd-61f70cef7721,新北市政府文化局為鼓勵優秀團體及個人辦理各項演藝活動，以提升新北市文化水準，特訂定本要點。,,智慧通勤:0; 韌性防災:0; 永續環境:0; 食安健康:0; 勞動福祉:1; 文化共融:5
newtaipei,029E3FC2-1927-4534-8702-DA7323BE969B,,新北市政府近期活動,文化共融,False,True,False,table,文化活動與觀光資源分布,False,1,資訊,公共資訊,,,,新北市政府研究發展考核委員會/新北市政府資訊中心/網際服務科,每日,JSON、CSV、XML,中文,,https://data.ntpc.gov.tw/datasets/029e3fc2-1927-4534-8702-da7323be969b,新北市政府每日更新的近期活動,,智慧通勤:0; 韌性防災:0; 永續環境:0; 食安健康:0; 勞動福祉:0; 文化共融:1
newtaipei,9D8A7A93-C1C4-4609-84CC-C744C4744C66,,新北市旅遊摺頁文宣資料,文化共融,False,True,False,table,文化活動與觀光資源分布,False,1,觀光,休閒旅遊,,,,新北市政府觀光旅遊局/觀光企劃科,不更新,JSON、CSV、XML,中文,,https://data.ntpc.gov.tw/datasets/9d8a7a93-c1c4-4609-84cc-c744c4744c66,新北市旅遊摺頁文宣資料，其資料包含摺頁名稱及語言版本。,,智慧通勤:0; 韌性防災:0; 永續環境:0; 食安健康:0; 勞動福祉:0; 文化共融:4
newtaipei,82F5075D-B94E-4F54-A0DB-1A439A88C93A,,新北市樂活名攤,文化共融,False,True,False,table,文化活動與觀光資源分布,False,1,經濟,休閒旅遊,,,,新北市政府經濟發展局/新北市政府市場處/秘書室,每年,JSON、CSV、XML,中文,,https://data.ntpc.gov.tw/datasets/82f5075d-b94e-4f54-a0db-1a439a88c93a,有菜市場金馬獎之稱，由經濟部主辦「優良市集暨樂活名攤星級評核」新北市計有21座市場及203個攤位分別獲得優良市集及樂活名攤評核認證，總數436顆星為全國第一，不僅為全國最多，更刷新自我紀錄，未來這些優良典範將持續推廣至全市傳統市場。,,智慧通勤:0; 韌性防災:0; 永續環境:0; 食安健康:0; 勞動福祉:0; 文化共融:1
newtaipei,0D07DB17-675D-4104-B809-62079BF061DA,,新北市演藝團體一覽表,文化共融,False,True,False,table,文化活動與觀光資源分布,False,1,文化,休閒旅遊,,,,新北市政府文化局/文化發展科/綜合企劃股,每年,JSON、CSV、XML,中文,,https://data.ntpc.gov.tw/datasets/0d07db17-675d-4104-b809-62079bf061da,新北市登記立案演藝團體之類別、團名、負責人、團址等資料,,智慧通勤:0; 韌性防災:0; 永續環境:0; 食安健康:0; 勞動福祉:0; 文化共融:4
newtaipei,46364866-1D11-479C-AE75-74932CF1D5F3,,新北市特定行業、電子遊戲場業及資訊休閒業營業場所投保公共意外險清冊,文化共融,False,True,False,table,文化活動與觀光資源分布,False,1,經濟,休閒旅遊,,,,新北市政府經濟發展局/商業發展科,每年,JSON、CSV、XML,中文,,https://data.ntpc.gov.tw/datasets/46364866-1d11-479c-ae75-74932cf1d5f3,新北市特定行業、電子遊戲場業及資訊休閒業營業場所投保公共意外險清冊，其資料包含已投保之公司名稱及其位址。,,智慧通勤:0; 韌性防災:0; 永續環境:0; 食安健康:0; 勞動福祉:0; 文化共融:1
newtaipei,20A3B141-B1C1-4B61-B36A-7569E8CE24B3,,新北市藝遊,文化共融,False,True,False,table,文化活動與觀光資源分布,False,1,文化,休閒旅遊,,,,新北市政府文化局/文化發展科/綜合企劃股,每年,JSON、CSV、XML,中文,,https://data.ntpc.gov.tw/datasets/20a3b141-b1c1-4b61-b36a-7569e8ce24b3,提供新北市當月藝文活動資訊,,智慧通勤:0; 韌性防災:0; 永續環境:0; 食安健康:0; 勞動福祉:0; 文化共融:6
newtaipei,C0CC9BD8-870D-454B-AFAA-277FAC536277,,新北市街頭藝人展演場地,文化共融,False,True,False,table,文化活動與觀光資源分布,False,1,文化,休閒旅遊,,,,新北市政府文化局/文化發展科/綜合企劃股,每年,JSON、CSV、XML,中文,,https://data.ntpc.gov.tw/datasets/c0cc9bd8-870d-454b-afaa-277fac536277,新北市街頭藝人展演場地。,,智慧通勤:0; 韌性防災:0; 永續環境:0; 食安健康:0; 勞動福祉:0; 文化共融:4
newtaipei,57EB9B00-979C-44BB-A4EE-CC55BDF1488A,,新北市觀光工廠,文化共融,False,True,False,table,文化活動與觀光資源分布,False,1,觀光,休閒旅遊,,,,新北市政府經濟發展局/工業發展科,每年,JSON、CSV、XML、KML,中文,,https://data.ntpc.gov.tw/datasets/57eb9b00-979c-44bb-a4ee-cc55bdf1488a,新北市政府經濟發展局所提供的觀光工廠相關資訊。,,智慧通勤:0; 韌性防災:0; 永續環境:0; 食安健康:0; 勞動福祉:0; 文化共融:4
newtaipei,61C99F42-8A90-4ADC-9C40-BA9E0EA097AA,,新北市電影院名冊,文化共融,False,True,False,table,文化活動與觀光資源分布,False,1,資訊,休閒旅遊,,,,新北市政府新聞局/新聞行政科,每年,JSON、CSV、XML,中文,,https://data.ntpc.gov.tw/datasets/61c99f42-8a90-4adc-9c40-ba9e0ea097aa,新北市電影院聯絡名冊。,,智慧通勤:0; 韌性防災:0; 永續環境:0; 食安健康:0; 勞動福祉:0; 文化共融:1
newtaipei,6276F36F-BB74-4910-BE71-8683E3755302,,社區營造名單,文化共融,False,True,False,table,文化活動與觀光資源分布,False,1,文化,生活安全及品質,,,,新北市政府文化局/藝文推廣科/社區文化股,每年,JSON、CSV、XML,中文,,https://data.ntpc.gov.tw/datasets/6276f36f-bb74-4910-be71-8683e3755302,年度社區營造補助類型及名單等相關資訊,,智慧通勤:0; 韌性防災:0; 永續環境:0; 食安健康:0; 勞動福祉:1; 文化共融:3
newtaipei,C1C59837-F9DB-40FE-8676-B2FCF1F40986,,經濟部優良市集認證名單,文化共融,False,True,False,table,文化活動與觀光資源分布,False,1,經濟,休閒旅遊,,,,新北市政府經濟發展局/新北市政府市場處/秘書室,每年,JSON、CSV、XML,中文,,https://data.ntpc.gov.tw/datasets/c1c59837-f9db-40fe-8676-b2fcf1f40986,經濟部優良市集認證,,智慧通勤:0; 韌性防災:0; 永續環境:0; 食安健康:0; 勞動福祉:0; 文化共融:1
newtaipei,06CFACF1-0A83-47E8-B321-8E96F6DD6B79,,觀光服務人員,文化共融,False,True,False,table,文化活動與觀光資源分布,False,1,統計,公共資訊,,,,新北市政府主計處/公務統計科,每年,JSON、CSV、XML,中文,,https://data.ntpc.gov.tw/datasets/06cfacf1-0a83-47e8-b321-8e96f6dd6b79,"1.新北市觀光服務人員(含性別)
2.單位：人；%
3.各項欄位說明詳參新北市性別圖像電子檔(網址：http://www.bas.ntpc.gov.tw/home.jsp?id=MTI5)或電洽主計處查詢。",,智慧通勤:0; 韌性防災:0; 永續環境:0; 食安健康:0; 勞動福祉:0; 文化共融:1
taipei,46dff426-4db5-4ecf-ac58-dba329a6e45f,00000930,104年度台北市有線電視系統業者服務品質暨收視戶滿意度調查,文化共融,False,True,False,table,文化活動與觀光資源分布,False,1,統計,休閒旅遊,網路服務,觀傳局,,觀傳局,每1年,CSV,中文,2015-11-12T00:00:00,/api/dataset/46dff426-4db5-4ecf-ac58-dba329a6e45f/resource/c9261eac-e927-4c1e-adb0-126e093d592e/download,104年度台北市有線電視系統業者服務品質暨收視戶滿意度調查表詳細內容,年度、更新頻率、裝機率、公用頻道收視率、檔案下載網址,智慧通勤:0; 韌性防災:0; 永續環境:0; 食安健康:0; 勞動福祉:0; 文化共融:1
taipei,34a7961a-723b-4388-9d2e-41a12e47831f,00001608,104年臺北市文化指標調查,文化共融,False,True,False,table,文化活動與觀光資源分布,False,1,文化,公共資訊,網路服務,文化局,,文化局,不定期更新,CSV,中文,2020-07-22T00:00:00,/api/dataset/34a7961a-723b-4388-9d2e-41a12e47831f/resource/65fa249c-c1df-4bf9-9fb9-097d42884a82/download,文化指標（cultural indicators）是展現一個城市的文化活動與品味、文化資源與投入、文化認同與參與、文化創新與行政的重要參考依據。有別於經濟產值之單一思維，文化指標的建立還在於彰顯城市的文化特色與主體價值，同時與國際上(如聯合國教科文組織)之文化展開對話。此外，文化指標還有助於特定文化功能之檢視，以凝聚共識、找出城市核心價值，據以觀察文化的發展演變，作為文化施政的指引架構。,面向、類別、調查類別項目、2006年筆數、2011年筆數、2012年筆數,智慧通勤:0; 韌性防災:0; 永續環境:0; 食安健康:0; 勞動福祉:0; 文化共融:4
taipei,01c46c0b-8890-4a4e-98b8-76f468d1fa74,00003676,Taipei Zoo_schedule,文化共融,False,True,False,table,文化活動與觀光資源分布,False,1,觀光,休閒旅遊,原始資料,教育局,動物園,教育局動物園,每1年,CSV,英文,2021-01-08T00:00:00,/api/dataset/01c46c0b-8890-4a4e-98b8-76f468d1fa74/resource/d057a75e-7bf8-45c1-b3e6-42de024d95a7/download,Taipei Zoo Event Schedule,D_Category、D_Title、D_Summary、D_Brief、D_StartDate、D_EndDate、D_Time、D_Location、D_Geo、D_AddDate、D_RemoveDate、D_Keywords、D_Pic_Alt、D_Pic_URL、D_site_URL、D_Address、D_Site,智慧通勤:0; 韌性防災:0; 永續環境:0; 食安健康:0; 勞動福祉:0; 文化共融:4
taipei,9ba1bde6-2d8a-44db-ad09-8c649a9cf332,00029734,兒童新樂園13項大型遊樂設施,文化共融,False,True,False,table,文化活動與觀光資源分布,False,1,教育,休閒旅遊,原始資料,教育局,,教育局,不定期更新,ODS,中文,2022-09-15T00:00:00,/api/dataset/9ba1bde6-2d8a-44db-ad09-8c649a9cf332/resource/f1ddd290-a45f-404b-8dba-9702556b71d5/download,提供兒童新樂園13項大型遊樂設施,序號、縣市代碼、設施種類、圖片、設施簡介,智慧通勤:0; 韌性防災:0; 永續環境:0; 食安健康:0; 勞動福祉:0; 文化共融:1
taipei,b89bfdfc-dda6-4582-b0ae-08926d9c4774,00001731,北美館典藏目錄,文化共融,False,True,False,table,文化活動與觀光資源分布,False,1,文化,公共資訊,網路服務,文化局,北美館,文化局北美館,每1年,"CSV,CSV,CSV,CSV,CSV",中文,2018-12-31T00:00:00,"/api/dataset/b89bfdfc-dda6-4582-b0ae-08926d9c4774/resource/81dc0802-563f-493f-9381-127e258e2437/download,/api/dataset/b89bfdfc-dda6-4582-b0ae-08926d9c4774/resource/1f3db058-b184-439a-becd-86d6ed36a92b/download,/api/dataset/b89bfdfc-dda6-4582-b0ae-08926d9c4774/resource/033af9d1-7628-4e35-9eea-26a54858a409/download,/api/dataset/b89bfdfc-dda6-4582-b0ae-08926d9c4774/resource/3e02849c-07a6-4e6d-a6c8-801000bb9ee1/download,/api/dataset/b89bfdfc-dda6-4582-b0ae-08926d9c4774/resource/6a6da212-9350-4a9a-8446-baac40c4c736/download",臺北市立美術館典藏基本資訊說明,"分類號、作者、品名、創作年代、媒材技術、尺寸、CountyCode、機關代碼
",智慧通勤:0; 韌性防災:0; 永續環境:0; 食安健康:0; 勞動福祉:0; 文化共融:3
taipei,7d53b6a1-9937-45ce-ada1-c0097e3f4337,00003167,台北國際藝術村/寶藏巖國際藝術村出、來訪藝術家名冊,文化共融,False,True,False,table,文化活動與觀光資源分布,False,1,文化,公共資訊,原始資料,文化局,,文化局,不定期更新,"CSV,CSV",中文,2020-11-30T00:00:00,"/api/dataset/7d53b6a1-9937-45ce-ada1-c0097e3f4337/resource/230f6c70-7b67-4227-9926-ec01aef3d5ef/download,/api/dataset/7d53b6a1-9937-45ce-ada1-c0097e3f4337/resource/74e650a6-861c-491f-be28-a651f13195f8/download",台北國際藝術村/寶藏巖國際藝術村出、來訪藝術家名冊。,SeqNo、Year、Location、Programe、Type、Name、Art Type、Country、City、Sister City、StartDate、EndDate,智慧通勤:0; 韌性防災:0; 永續環境:0; 食安健康:0; 勞動福祉:0; 文化共融:3
taipei,ace829ec-6578-4698-ae60-49712dfb1be8,00001435,台北花博農民市集全國農特產品展售會業績表,文化共融,False,True,False,table,文化活動與觀光資源分布,False,1,農業,休閒旅遊,原始資料,產業局,,產業局,每1年,CSV,中文,2018-01-30T00:00:00,/api/dataset/ace829ec-6578-4698-ae60-49712dfb1be8/resource/c31fecc4-466f-4940-8f2a-012d072df0a6/download,台北花博農民市集~全國農特產品展售會業績表。,"週次、場次、日期、攤數、展售攤數、小計（來客數）、小計（營業額）
",智慧通勤:0; 韌性防災:0; 永續環境:0; 食安健康:0; 勞動福祉:0; 文化共融:1
taipei,98f7c165-d746-4dd0-bbe1-03f2a90beb8d,00002058,台北雙年展網站,文化共融,False,True,False,table,文化活動與觀光資源分布,False,1,文化,休閒旅遊,原始資料,文化局,北美館,文化局北美館,不定期更新,CSV,中文,2020-10-08T00:00:00,/api/dataset/98f7c165-d746-4dd0-bbe1-03f2a90beb8d/resource/2084eb66-5b7b-49be-8d65-e58eff802ca7/download,開放台北雙年展藝術家作品線上瀏覽,title、CountyCode、說明、主辦單位、年份、上傳日期,智慧通勤:0; 韌性防災:0; 永續環境:0; 食安健康:0; 勞動福祉:0; 文化共融:4
taipei,bc56b492-1d11-4638-966a-0aeaaca0fc46,00003448,臺北市一般旅館營運報表,文化共融,False,True,False,table,文化活動與觀光資源分布,False,1,觀光,休閒旅遊,網路服務,觀傳局,,觀傳局,每3月,CSV,中文,2020-12-24T00:00:00,/api/dataset/bc56b492-1d11-4638-966a-0aeaaca0fc46/resource/ca04a980-91a4-40f6-9d3e-51803eec8fef/download,臺北市近三年一般旅館營運相關資料,年度月份、縣市、客房住用數、客房住用率、平均房價、收入合計,智慧通勤:0; 韌性防災:0; 永續環境:0; 食安健康:0; 勞動福祉:0; 文化共融:4
taipei,68afe2b1-fe17-45a7-a9c9-d8b4919b32c0,00003707,臺北市公園設施資料,文化共融,False,True,False,table,文化活動與觀光資源分布,False,1,工務,休閒旅遊,原始資料,工務局,公園處,工務局公園處,不定期更新,"JSON,JSON,JSON",中文,2021-01-15T00:00:00,"https://tppkl.blob.core.windows.net/blobfs/TaipeiParkFacility_Arcade.json,https://tppkl.blob.core.windows.net/blobfs/TaipeiParkFacility_Fitness_Fixed.json,https://tppkl.blob.core.windows.net/blobfs/TaipeiParkFacility_Fitness_Mech.json",提供臺北市公園設施資料，包含兒童遊戲場及體健設施。,臺北市公園設施資料、包含兒童遊戲場及體健設施,智慧通勤:0; 韌性防災:0; 永續環境:0; 食安健康:0; 勞動福祉:0; 文化共融:1
taipei,6a346e1c-b878-4fcf-817f-a7b620791f76,00003910,臺北市原住民場館介紹,文化共融,False,True,False,table,文化活動與觀光資源分布,False,1,族群,休閒旅遊,原始資料,原民會,,原民會,不定期更新,CSV,中文,2021-04-21T00:00:00,/api/dataset/6a346e1c-b878-4fcf-817f-a7b620791f76/resource/334dfe64-9784-43f8-8125-d5a59f50ab05/download,介紹臺北市原住民族場館,民國年、場館名稱、說明、單位名稱、統一編號,智慧通勤:0; 韌性防災:0; 永續環境:0; 食安健康:0; 勞動福祉:0; 文化共融:1
taipei,ee8f353c-9def-4b35-ad8f-5666f4854379,00001433,臺北市商圈店家輔導對象資料,文化共融,False,True,False,table,文化活動與觀光資源分布,False,1,觀光,休閒旅遊,原始資料,產業局,商業處,產業局商業處,不定期更新,CSV,中文,2019-12-05T00:00:00,/api/dataset/ee8f353c-9def-4b35-ad8f-5666f4854379/resource/c7af17be-64bf-49ce-82ce-a053971d53b5/download,臺北市內商圈店家輔導對象資料,縣市別、縣市別代碼、商圈產業公協會、協會理事長、LocalCall Service,智慧通勤:0; 韌性防災:0; 永續環境:0; 食安健康:0; 勞動福祉:0; 文化共融:5
taipei,0c43f0ef-92eb-4920-82fc-68e858a3afc7,00001945,臺北市撤銷裁罰非法經營旅館業及網路刊登非法旅館營業訊息名單,文化共融,False,True,False,table,文化活動與觀光資源分布,False,1,觀光,休閒旅遊,網路服務,觀傳局,,觀傳局,不定期更新,CSV,中文,2020-09-29T00:00:00,/api/dataset/0c43f0ef-92eb-4920-82fc-68e858a3afc7/resource/a70c82d9-b204-426c-a092-92c4900c78ff/download,臺北市政府撤銷裁罰「非法經營旅館業」及「網路刊登非法旅館營業訊息」之名單。,名稱、名單型式、依據法規、更新日期、網址、縣市、縣市代碼,智慧通勤:0; 韌性防災:0; 永續環境:0; 食安健康:0; 勞動福祉:0; 文化共融:4
taipei,77eda3d6-f082-4a7e-9994-10684f9a6ca0,00003673,臺北市政府出版品目錄,文化共融,False,True,False,table,文化活動與觀光資源分布,False,1,文化,公共資訊,原始資料,研考會,,研考會,每3月,CSV,中文,2021-01-08T00:00:00,/api/dataset/77eda3d6-f082-4a7e-9994-10684f9a6ca0/resource/fc6930c4-5dce-443b-9842-bd6ca8472c33/download,民國100年後本府政府出版品目錄,資料集編號、資料集名稱、主題分類、資料集描述、資料集提供機關、上架時間、更新頻率、計費方式、資料集提供機關聯絡人電話、資料集提供機關聯絡人電子郵件、編/著/譯者、出版日期、出版品類別、出版品概述、出版品統一編號（ＧＰＮ）、相關國際編號、語言別、展售處、授權資訊、電子書或相關網址、封面圖片網址,智慧通勤:0; 韌性防災:0; 永續環境:0; 食安健康:0; 勞動福祉:0; 文化共融:3
taipei,8d46854f-5a6d-4963-a0ab-347659946b60,00001859,臺北市政府員工休閒隊社一覽表,文化共融,False,True,False,table,文化活動與觀光資源分布,False,1,文化,休閒旅遊,原始資料,人事處,,人事處,不定期更新,CSV,中文,2020-09-24T00:00:00,/api/dataset/8d46854f-5a6d-4963-a0ab-347659946b60/resource/da5f1a15-c737-4b8e-9182-630a42de414f/download,臺北市政府員工休閒隊社,編號、隊社名稱、機關代碼、承辦機關、電話,智慧通勤:0; 韌性防災:0; 永續環境:0; 食安健康:0; 勞動福祉:0; 文化共融:4
taipei,5e5323e2-c4fd-4663-8902-02c70cd6a6c3,00003625,臺北市政府教育局公告資訊,文化共融,False,True,False,table,文化活動與觀光資源分布,False,1,教育,公共資訊,原始資料,教育局,,教育局,不定期更新,ODS,中文,2020-12-31T00:00:00,/api/dataset/5e5323e2-c4fd-4663-8902-02c70cd6a6c3/resource/ccc0e6bb-ccb2-432a-bcff-c7a5e25564dc/download,臺北市政府教育局公告最新消息、新聞稿與活動花絮,編號、名稱、連結、說明、調整日、機關代碼、統一編號,智慧通勤:0; 韌性防災:0; 永續環境:0; 食安健康:0; 勞動福祉:0; 文化共融:1
taipei,9a7af75b-9abd-4ac1-b359-685fbd7dac23,00004077,臺北市政府文化局文化快遞資訊,文化共融,False,True,False,table,文化活動與觀光資源分布,False,1,文化,休閒旅遊,原始資料,文化局,,文化局,每6月,JSON,中文,2022-01-01T00:00:00,https://cultureexpress.taipei/OpenData/Event/C000003,臺北市藝文活動資訊,ID、Category、Caption、Company、StartDate、EndDate、TicketType、TicketPrice、TicketPurchaseLink、ContactPerson、ContactTel、Introduction、WebsiteLink、YoutubeLink、ImageFile、CreateDate、Venue、SessionStartDate、SessionEndDate、City、Area、Address、Longitude、Latitude、RelatedLink,智慧通勤:0; 韌性防災:0; 永續環境:0; 食安健康:0; 勞動福祉:0; 文化共融:6
taipei,5e4db75d-734e-42b7-8284-df413aa8122a,00000410,臺北市政府文化局街頭藝人,文化共融,False,True,False,table,文化活動與觀光資源分布,False,1,文化,公共資訊,原始資料,文化局,,文化局,不定期更新,JSON,中文,2020-05-04T00:00:00,https://tpbusker.gov.taipei/json.ashx,街頭藝人資料集描述,Type、Name、Project、Describe、Url、Stagename、Sex、Moblie、Email,智慧通勤:0; 韌性防災:0; 永續環境:0; 食安健康:0; 勞動福祉:0; 文化共融:3
taipei,8415046f-c31f-4883-b899-f7711f645e9f,00003482,臺北市政府觀光傳播局MICE申請案審查結果,文化共融,False,True,False,table,文化活動與觀光資源分布,False,1,觀光,休閒旅遊,原始資料,觀傳局,,觀傳局,每1年,CSV,中文,2020-12-25T00:00:00,/api/dataset/8415046f-c31f-4883-b899-f7711f645e9f/resource/11f8d190-b456-43cd-b7f9-c93068dc2441/download,臺北市政府觀光傳播局為鼓勵國際會議、國際展覽及獎勵旅遊等活動於臺北市舉辦，以促進相關產業發展，爰編列補助經費，並於每期公告補助。,資料項目、內容說明、更新時間、語版、網址、縣市、縣市代碼,智慧通勤:0; 韌性防災:0; 永續環境:0; 食安健康:0; 勞動福祉:1; 文化共融:6
taipei,0b494025-4e2c-47c3-bd32-2157557a302b,00001747,臺北市旅遊服務中心服務人次,文化共融,False,True,False,table,文化活動與觀光資源分布,False,1,觀光,休閒旅遊,原始資料,觀傳局,,觀傳局,每1年,CSV,中文,2020-07-01T00:00:00,/api/dataset/0b494025-4e2c-47c3-bd32-2157557a302b/resource/94faf050-6432-4b6e-a0fe-fe0a521f8435/download,臺北市旅遊服務中心服務人次(104至113年),年份、人次、縣市別、縣市代碼、縣市簡稱,智慧通勤:0; 韌性防災:0; 永續環境:0; 食安健康:0; 勞動福祉:0; 文化共融:4
taipei,1882223c-c3f9-4c68-912d-527e16ad13e4,00003449,臺北市民宿營運報表,文化共融,False,True,False,table,文化活動與觀光資源分布,False,1,觀光,休閒旅遊,網路服務,觀傳局,,觀傳局,每3月,CSV,中文,2020-12-24T00:00:00,/api/dataset/1882223c-c3f9-4c68-912d-527e16ad13e4/resource/33c6e7ba-e558-43a6-93ec-c176dc303ac9/download,臺北市民宿營運相關資料,年度、縣市、客房住用數、客房住用率、平均房價、收入合計,智慧通勤:0; 韌性防災:0; 永續環境:0; 食安健康:0; 勞動福祉:0; 文化共融:4
taipei,2814ff79-6506-41dc-927d-7bb70c120ec4,00001863,臺北市水域遊憩活動訊息公告,文化共融,False,True,False,table,文化活動與觀光資源分布,False,1,觀光,休閒旅遊,原始資料,觀傳局,,觀傳局,不定期更新,"JSON,CSV",中文,2020-09-28T00:00:00,"https://www.tpedoit.gov.taipei/OpenData.aspx?SN=1EF1FA5ED5ECF95F,/api/dataset/2814ff79-6506-41dc-927d-7bb70c120ec4/resource/4a4058aa-c890-404e-8df5-c1e43d809c48/download",臺北市水域遊憩公告,DataSN、ArticleType、FileName、Link、Source、title、內容、相關檔案、相關連結、相關圖片、url、title、相關影音、發布單位,智慧通勤:0; 韌性防災:0; 永續環境:0; 食安健康:0; 勞動福祉:0; 文化共融:5
taipei,f56e77c6-cc69-480c-8ba4-057fc7e1d8d6,00002803,臺北市演藝團體名冊,文化共融,False,True,False,table,文化活動與觀光資源分布,False,1,文化,公共資訊,原始資料,文化局,,文化局,每6月,CSV,中文,2020-09-28T00:00:00,/api/dataset/f56e77c6-cc69-480c-8ba4-057fc7e1d8d6/resource/7db84f31-5d1c-4502-9f76-953795d2b9f2/download,臺北市演藝團體名冊（演藝團體名稱、申請類別、立案字號、主管機關、主管機關代碼、團址、網址）,演藝團體名稱、申請類別、立案字號、主管機關、主管機關代碼、團址、網址,智慧通勤:0; 韌性防災:0; 永續環境:0; 食安健康:0; 勞動福祉:0; 文化共融:3
taipei,43772803-6504-469c-894d-35904342a53b,00000593,臺北市立圖書館各分館暨民眾閱覽室,文化共融,False,True,False,table,文化活動與觀光資源分布,False,1,教育,求學及進修,原始資料,教育局,,教育局,每1年,CSV,中文,2020-07-22T00:00:00,/api/dataset/43772803-6504-469c-894d-35904342a53b/resource/fb6cc268-e2b8-43a7-86f2-e79702291a2b/download,臺北市立圖書館各分館暨民眾閱覽室一覽表,name、address、tel、fax、lat、lon,智慧通勤:0; 韌性防災:0; 永續環境:0; 食安健康:0; 勞動福祉:0; 文化共融:1
taipei,7049237c-39e4-43c5-86cb-039ad3493527,00029284,臺北市立文獻館_動線史蹟導覽路線清冊,文化共融,False,True,False,table,文化活動與觀光資源分布,False,1,文化,休閒旅遊,原始資料,文化局,文獻館,文化局文獻館,不定期更新,CSV,中文,2022-04-19T00:00:00,/api/dataset/7049237c-39e4-43c5-86cb-039ad3493527/resource/a0cb13eb-7ecd-47a6-bfc3-b4812df14bfa/download,臺北市立文獻館動線史蹟導覽路線資料,"編號、動線名稱、動線路線、活動類別、是否售票
",智慧通勤:1; 韌性防災:0; 永續環境:0; 食安健康:0; 勞動福祉:0; 文化共融:5
taipei,5d0e6629-7d47-4c6e-9757-0a959ddc53b2,00029793,臺北市立美術館108年至115年展覽資訊,文化共融,False,True,False,table,文化活動與觀光資源分布,False,1,文化,休閒旅遊,原始資料,文化局,北美館,文化局北美館,不定期更新,"CSV,CSV,CSV,CSV,CSV,CSV,CSV,CSV",中文,2022-10-14T00:00:00,"/api/dataset/5d0e6629-7d47-4c6e-9757-0a959ddc53b2/resource/cb3ba231-b59a-42ec-bccd-3ef81bdc4ae1/download,/api/dataset/5d0e6629-7d47-4c6e-9757-0a959ddc53b2/resource/74ec6383-6d86-48ea-bce2-97de59788364/download,/api/dataset/5d0e6629-7d47-4c6e-9757-0a959ddc53b2/resource/909a03be-3b39-44fc-b32a-d71dd4a707db/download,/api/dataset/5d0e6629-7d47-4c6e-9757-0a959ddc53b2/resource/a1d2f79e-449d-4ade-bb21-b4ceee783f70/download,/api/dataset/5d0e6629-7d47-4c6e-9757-0a959ddc53b2/resource/4a65670b-4b82-464e-8062-230c34b19651/download,/api/dataset/5d0e6629-7d47-4c6e-9757-0a959ddc53b2/resource/2ccb386b-f966-4988-b02a-550a2a5b336c/download,/api/dataset/5d0e6629-7d47-4c6e-9757-0a959ddc53b2/resource/0b421fc3-ab61-4739-aff3-c66cb7ac2485/download,/api/dataset/5d0e6629-7d47-4c6e-9757-0a959ddc53b2/resource/33afd1e2-0c52-4654-bb8b-f90e926b7752/download",本資料集提供臺北市立美術館108年至115年展覽訊息簡介。(本資料集開放授權應用內容僅限文字範圍，圖片、聲音及影片等多媒體資訊不在開放授權範圍),CountyCode、title、內容、發布單位、機關代碼,智慧通勤:0; 韌性防災:0; 永續環境:0; 食安健康:0; 勞動福祉:0; 文化共融:5
taipei,2ff5602b-95fc-473f-8c16-53446f80b073,00029361,臺北市立美術館110年度決算書,文化共融,False,True,False,table,文化活動與觀光資源分布,False,1,文化,休閒旅遊,原始資料,文化局,北美館,文化局北美館,不定期更新,CSV,中文,2022-06-20T00:00:00,/api/dataset/2ff5602b-95fc-473f-8c16-53446f80b073/resource/163e3a8f-2ee8-49ca-ab01-a5b753c78cd5/download,臺北市立美術館110年度決算書。,name、year、CountyCode、發布單位、機關代碼、檔案連結,智慧通勤:0; 韌性防災:0; 永續環境:0; 食安健康:0; 勞動福祉:0; 文化共融:4
taipei,12e6eabb-7adb-4367-8bb4-525ef8a81fab,00029360,臺北市立美術館111年度預算書,文化共融,False,True,False,table,文化活動與觀光資源分布,False,1,文化,休閒旅遊,原始資料,文化局,北美館,文化局北美館,不定期更新,CSV,中文,2022-06-20T00:00:00,/api/dataset/12e6eabb-7adb-4367-8bb4-525ef8a81fab/resource/376da77a-1d84-4586-bc2d-2631049a1543/download,臺北市立美術館111年度預算書。,name、year、CountyCode、發布單位、機關代碼、檔案連結,智慧通勤:0; 韌性防災:0; 永續環境:0; 食安健康:0; 勞動福祉:0; 文化共融:4
taipei,1802b1e4-c3fa-4641-97af-cc8f83541636,00001647,臺北市立美術館_參觀資訊,文化共融,False,True,False,table,文化活動與觀光資源分布,False,1,文化,休閒旅遊,原始資料,文化局,北美館,文化局北美館,不定期更新,CSV,中文,2022-11-17T00:00:00,/api/dataset/1802b1e4-c3fa-4641-97af-cc8f83541636/resource/7a079e41-0e8f-4474-90db-aebd6608f93e/download,本資料集提供臺北市立美術館參觀訊息簡介。(本資料集開放授權應用內容僅限文字範圍，圖片、聲音及影片等多媒體資訊不在開放授權範圍),CountyCode、Language、LocalCallService、Visit_title、Visit_info,智慧通勤:0; 韌性防災:0; 永續環境:0; 食安健康:0; 勞動福祉:0; 文化共融:4
taipei,90baac92-219c-4a64-8f2f-8ec35b9017d5,00001646,臺北市立美術館_展覽資訊,文化共融,False,True,False,table,文化活動與觀光資源分布,False,1,文化,休閒旅遊,原始資料,文化局,北美館,文化局北美館,每3月,CSV,中文,2020-10-05T00:00:00,/api/dataset/90baac92-219c-4a64-8f2f-8ec35b9017d5/resource/1700a7e6-3d27-47f9-89d9-1811c9f7489c/download,本資料集提供臺北市立美術館展覽訊息簡介。(本資料集開放授權應用內容僅限文字範圍，圖片、聲音及影片等多媒體資訊不在開放授權範圍),"CountyCode、title、內容、發布單位、AgencyCodes
",智慧通勤:0; 韌性防災:0; 永續環境:0; 食安健康:0; 勞動福祉:0; 文化共融:5
taipei,3e71adfc-ff77-46db-81e4-431a8e51cad5,00001645,臺北市立美術館_活動資訊,文化共融,False,True,False,table,文化活動與觀光資源分布,False,1,文化,休閒旅遊,原始資料,文化局,北美館,文化局北美館,每3月,CSV,中文,2021-03-31T00:00:00,/api/dataset/3e71adfc-ff77-46db-81e4-431a8e51cad5/resource/fef040da-75d3-42bc-98dd-a292919a251a/download,本資料集提供臺北市立美術館活動訊息簡介。(本資料集開放授權應用內容僅限文字範圍，圖片、聲音及影片等多媒體資訊不在開放授權範圍),"CountyCode、活動標題、活動簡介、發布單位、機關代碼
",智慧通勤:0; 韌性防災:0; 永續環境:0; 食安健康:0; 勞動福祉:0; 文化共融:5
taipei,a6d2b56b-4a25-4d0b-a4f7-55abef456358,00000323,臺北市臺北旅遊網住宿資料(英文),文化共融,False,True,False,table,文化活動與觀光資源分布,False,1,觀光,休閒旅遊,網路服務,觀傳局,,觀傳局,不定期更新,CSV,中文,2013-02-07T00:00:00,/api/dataset/a6d2b56b-4a25-4d0b-a4f7-55abef456358/resource/26849712-0a33-4ede-b089-851a7825b877/download,臺北旅遊網-住宿資料,"Legal accommodation、Hotel name、Address、TEL、FAX、The Total Number of Rooms
",智慧通勤:0; 韌性防災:0; 永續環境:0; 食安健康:0; 勞動福祉:0; 文化共融:4
taipei,b0888215-c153-4bd4-97ba-34e83426ed1f,00029385,臺北市臺北旅遊網活動年曆,文化共融,False,True,False,table,文化活動與觀光資源分布,False,1,觀光,休閒旅遊,網路服務,觀傳局,,觀傳局,不定期更新,CSV,中文,2022-06-27T00:00:00,/api/dataset/b0888215-c153-4bd4-97ba-34e83426ed1f/resource/19180a01-7182-41ae-bf09-00bb7ad57d11/download,臺北旅遊網活動年曆,資料項目、民國年、西元年、縣市別、介接網址,智慧通勤:0; 韌性防災:0; 永續環境:0; 食安健康:0; 勞動福祉:0; 文化共融:5
taipei,05ed6ce9-226b-4135-aa48-4e7c0dd19990,00029386,臺北市臺北旅遊網熱門影片,文化共融,False,True,False,table,文化活動與觀光資源分布,False,1,觀光,休閒旅遊,網路服務,觀傳局,,觀傳局,不定期更新,CSV,中文,2022-06-27T00:00:00,/api/dataset/05ed6ce9-226b-4135-aa48-4e7c0dd19990/resource/4364147e-99a1-454c-8302-ba6a0e55837b/download,臺北旅遊網熱門影片,資料項目、民國年、西元年、縣市別、介接網址,智慧通勤:0; 韌性防災:0; 永續環境:0; 食安健康:0; 勞動福祉:0; 文化共融:4
taipei,933873af-9273-451d-84cc-8659eaa3b693,00003190,臺北市觀光活動補助情形一覽表,文化共融,False,True,False,table,文化活動與觀光資源分布,False,1,觀光,休閒旅遊,原始資料,觀傳局,,觀傳局,不定期更新,CSV,中文,2020-10-13T00:00:00,/api/dataset/933873af-9273-451d-84cc-8659eaa3b693/resource/91d31b66-d424-4c9c-8f79-feb9b7e71c62/download,"臺北市政府觀光傳播局為扶植民間辦理觀光活動，並推廣極具地方特色或民俗節慶活動，爰編列觀光活動補助經費，並於每季公告補助及核銷情形。


",資料項目、內容說明、更新時間、語版、網址、縣市、縣市代碼,智慧通勤:0; 韌性防災:0; 永續環境:0; 食安健康:0; 勞動福祉:1; 文化共融:6
taipei,c4623400-4a4e-4fae-922c-d3c83ac0f064,00003214,臺北市身心障礙街頭藝人聯絡方式及表演項目名單,文化共融,False,True,False,table,文化活動與觀光資源分布,False,1,勞動,休閒旅遊,原始資料,勞動局,重建處,勞動局重建處,不定期更新,CSV,中文,2021-12-30T00:00:00,/api/dataset/c4623400-4a4e-4fae-922c-d3c83ac0f064/resource/9163a670-575b-4642-a6d1-f99267e4f535/download,本市身障街頭藝人名單，包含其聯絡方式及其擅長的表演項目，如樂器演奏或唱歌,編號、年度、姓名/團體名稱、聯絡電話、表演項目,智慧通勤:0; 韌性防災:0; 永續環境:0; 食安健康:0; 勞動福祉:0; 文化共融:2
taipei,2c7ac992-648d-4ea5-b134-81676e3d529f,00002039,臺北文化獎,文化共融,False,True,False,table,文化活動與觀光資源分布,False,1,文化,公共資訊,網路服務,文化局,,文化局,不定期更新,CSV,中文,2020-10-07T00:00:00,/api/dataset/2c7ac992-648d-4ea5-b134-81676e3d529f/resource/a59d7029-cff8-45bf-95a0-f55f21ebff6b/download,臺北文化獎得主名冊,編號、西元年、屆次、獎勵重點、得獎者,智慧通勤:0; 韌性防災:0; 永續環境:0; 食安健康:0; 勞動福祉:0; 文化共融:3
taipei,348c9f78-ffe8-4401-ac59-07a04ecd22c6,00003702,臺北文學獎得主名冊,文化共融,False,True,False,table,文化活動與觀光資源分布,False,1,文化,公共資訊,網路服務,文化局,,文化局,不定期更新,CSV,中文,2021-01-14T00:00:00,/api/dataset/348c9f78-ffe8-4401-ac59-07a04ecd22c6/resource/ad164dd3-7be9-4fc5-aa80-a4727ef40ddf/download,臺北文學獎得主名冊。,西元年、屆數、主辦機關、機關代碼、類別、組別、獎項、得主、作品名稱,智慧通勤:0; 韌性防災:0; 永續環境:0; 食安健康:0; 勞動福祉:0; 文化共融:3
taipei,91b21337-d9dc-44ee-83f5-3aced441dff4,00029384,臺北旅遊網推薦遊程,文化共融,False,True,False,table,文化活動與觀光資源分布,False,1,觀光,休閒旅遊,網路服務,觀傳局,,觀傳局,不定期更新,CSV,中文,2022-06-27T00:00:00,/api/dataset/91b21337-d9dc-44ee-83f5-3aced441dff4/resource/4dc1e913-8bde-4318-9fac-e38621a9e713/download,臺北市臺北旅遊網推薦遊程,資料項目、縣市、縣市別、語系、網址,智慧通勤:0; 韌性防災:0; 永續環境:0; 食安健康:0; 勞動福祉:0; 文化共融:4
taipei,85c24fb5-38ad-487e-8acc-46ec0d46ee0e,00000320,臺北旅遊網景點資料(英文＆其他語言),文化共融,False,True,False,point,文化活動與觀光資源分布,False,1,觀光,休閒旅遊,網路服務,觀傳局,,觀傳局,不定期更新,CSV,中文,2012-01-04T00:00:00,/api/dataset/85c24fb5-38ad-487e-8acc-46ec0d46ee0e/resource/32193564-8351-4904-b90c-e1058b28be50/download,臺北市臺北旅遊網景點資料(英文＆其他語言),資料項目、縣市別、縣市別代碼、District、25 Must-See City Highlights、Themed Attractions,智慧通勤:0; 韌性防災:0; 永續環境:0; 食安健康:0; 勞動福祉:0; 文化共融:5
taipei,dfd10c0e-1324-47ae-97af-1cfbe8aea0f8,00029379,臺北旅遊網最新消息,文化共融,False,True,False,table,文化活動與觀光資源分布,False,1,觀光,休閒旅遊,網路服務,觀傳局,,觀傳局,不定期更新,CSV,中文,2022-06-27T00:00:00,/api/dataset/dfd10c0e-1324-47ae-97af-1cfbe8aea0f8/resource/9cdbc2ad-39ba-4aca-8f52-8f6312f5523a/download,臺北市臺北旅遊網最新消息,資料項目、縣市、縣市代碼、語系、介接網址,智慧通勤:0; 韌性防災:0; 永續環境:0; 食安健康:0; 勞動福祉:0; 文化共融:4
taipei,e593a30a-8fba-4cef-91a7-b277cae32657,00001660,臺北旅遊網活動展演,文化共融,False,True,False,table,文化活動與觀光資源分布,False,1,觀光,休閒旅遊,網路服務,觀傳局,,觀傳局,不定期更新,CSV,中文,2019-09-25T00:00:00,/api/dataset/e593a30a-8fba-4cef-91a7-b277cae32657/resource/e89e50e3-c84a-4f9b-afcb-58369e19bd51/download,臺北市臺北旅遊網活動展演,資料項目、縣市、縣市代碼、更新頻率、網址,智慧通勤:0; 韌性防災:0; 永續環境:0; 食安健康:0; 勞動福祉:0; 文化共融:5
taipei,19c3ec8b-7743-460e-83db-6ddc51d10a3c,00000822,臺北花博公園展館資訊,文化共融,False,True,False,table,文化活動與觀光資源分布,False,1,農業,休閒旅遊,原始資料,產業局,,產業局,每1年,CSV,中文,2015-08-20T00:00:00,/api/dataset/19c3ec8b-7743-460e-83db-6ddc51d10a3c/resource/ad34014e-f6a8-4c5b-987d-94d81ee29298/download,花博公園展館資訊。,序號、場館名稱、活動名稱、主辦單位、租[借]用開始時間 、租[借]用結束時間、人次,智慧通勤:0; 韌性防災:0; 永續環境:0; 食安健康:0; 勞動福祉:0; 文化共融:2
taipei,408e2253-3cd3-4761-967d-a3e7b0d2a852,00001835,財團法人台北市客家文化基金會109年預算書收入明細表,文化共融,False,True,False,table,文化活動與觀光資源分布,False,1,族群,公共資訊,網路服務,客委會,,客委會,不定期更新,CSV,中文,2020-09-07T00:00:00,/api/dataset/408e2253-3cd3-4761-967d-a3e7b0d2a852/resource/20961816-bdea-41a9-832d-b2ab5f060620/download,財團法人台北市客家文化基金會109年預算書收入明細表之前年度決算數、科目名稱、本年度預算數、上年度預算數、說明（單位：新臺幣元）,台北市客家文化基金會109年預算書、收入明細表,智慧通勤:0; 韌性防災:0; 永續環境:0; 食安健康:0; 勞動福祉:0; 文化共融:1
taipei,968f56a6-22dd-4393-88c9-eee9083252c6,00001850,財團法人台北市客家文化基金會110年度預算書收入明細表,文化共融,False,True,False,table,文化活動與觀光資源分布,False,1,族群,公共資訊,網路服務,客委會,,客委會,不定期更新,CSV,中文,2020-09-22T00:00:00,/api/dataset/968f56a6-22dd-4393-88c9-eee9083252c6/resource/96b206a0-af35-447d-b74d-df1b37c04a63/download,財團法人台北市客家文化基金會110年度預算書收入明細表之前年度決算數、科目名稱、本年度預算數、上年度預算數、說明（單位：新臺幣元）,前年度決算數、科目名稱、本年度預算數、上年度預算數、說明（單位：新臺幣元）,智慧通勤:0; 韌性防災:0; 永續環境:0; 食安健康:0; 勞動福祉:0; 文化共融:1
taipei,d379f4c5-00e3-428a-9447-dc80134f8125,00003968,財團法人台北市文化基金會決算書,文化共融,False,True,False,table,文化活動與觀光資源分布,False,1,財稅,公共資訊,原始資料,文化局,,文化局,不定期更新,CSV,中文,2021-07-22T00:00:00,/api/dataset/d379f4c5-00e3-428a-9447-dc80134f8125/resource/dd2b1d83-78db-4057-a5d8-663bd8701b92/download,財團法人台北市文化基金會決算書。,民國年、名稱、主管機關、主管機關代碼、提供資料單位、檔案連結,智慧通勤:0; 韌性防災:0; 永續環境:0; 食安健康:0; 勞動福祉:0; 文化共融:1
taipei,66e54c85-f747-425e-945d-d6113b7ced9b,00003761,財團法人台北市文化基金會預算書,文化共融,False,True,False,table,文化活動與觀光資源分布,False,1,財稅,公共資訊,原始資料,文化局,,文化局,不定期更新,CSV,中文,2021-02-09T00:00:00,/api/dataset/66e54c85-f747-425e-945d-d6113b7ced9b/resource/5ac57546-ac6f-4d3f-bbab-091a7376f9f6/download,財團法人台北市文化基金會預算書(議會審定)。,民國年、名稱、主管機關、主管機關代碼、提供資料單位、檔案連結,智慧通勤:0; 韌性防災:0; 永續環境:0; 食安健康:0; 勞動福祉:0; 文化共融:1
taipei,e8dd252c-e45a-4e20-89ea-9370bccaf6a8,00003997,財團法人台北市文化基金會預算案,文化共融,False,True,False,table,文化活動與觀光資源分布,False,1,財稅,公共資訊,原始資料,文化局,,文化局,不定期更新,CSV,中文,2021-09-02T00:00:00,/api/dataset/e8dd252c-e45a-4e20-89ea-9370bccaf6a8/resource/3a955b3d-5f1a-4046-9771-43c55bf8da15/download,財團法人台北市文化基金會預算案。,民國年、名稱、主管機關、主管機關代碼、提供資料單位、檔案連結,智慧通勤:0; 韌性防災:0; 永續環境:0; 食安健康:0; 勞動福祉:0; 文化共融:1
