"統計期","一般廢棄物產生量[公噸]","一般廢棄物處理量/總計[公噸]","一般廢棄物處理量/一般垃圾清運量/合計[公噸]","一般廢棄物處理量/一般垃圾清運量/處理方式/焚化[公噸]","一般廢棄物處理量/一般垃圾清運量/處理方式/焚化巨大垃圾[公噸]","一般廢棄物處理量/一般垃圾清運量/處理方式/衛生掩埋[公噸]","一般廢棄物處理量/一般垃圾清運量/處理方式/衛生掩埋巨大垃圾[公噸]","一般廢棄物處理量/一般垃圾清運量/其他[公噸]","一般廢棄物處理量/一般垃圾清運量/清運單位/環保單位自行清運[公噸]","一般廢棄物處理量/一般垃圾清運量/清運單位/環保單位自行清運巨大垃圾[公噸]","一般廢棄物處理量/一般垃圾清運量/清運單位/環保單位委託清運[公噸]","一般廢棄物處理量/一般垃圾清運量/清運單位/公私處所自行或委託清運[公噸]","一般廢棄物處理量/一般垃圾清運量/清運單位/公私處所自行或委託清運巨大垃圾[公噸]","一般廢棄物處理量/資源回收量/合計[公噸]","一般廢棄物處理量/資源回收量/環保單位[公噸]","一般廢棄物處理量/資源回收量/社區學校機關[公噸]","一般廢棄物處理量/巨大垃圾回收再利用量[公噸]","一般廢棄物處理量/廚餘回收再利用量/合計[公噸]","一般廢棄物處理量/廚餘回收再利用量/處理方式/堆肥[公噸]","一般廢棄物處理量/廚餘回收再利用量/處理方式/養豬[公噸]","一般廢棄物處理量/廚餘回收再利用量/處理方式/其他[公噸]","一般廢棄物處理量/廚餘回收再利用量/回收管道/環保單位[公噸]","一般廢棄物處理量/廚餘回收再利用量/回收管道/社區學校機關[公噸]","每人一般廢棄物產生量[公斤]","每日一般垃圾清運量[公噸]","一般廢棄物妥善處理率[%]","資源回收率[%]","垃圾清理車輛機具數[輛]","垃圾處理廠[場]回饋設施使用人次/游泳池[人次]","垃圾處理廠[場]回饋設施使用人次/健身房[人次]","清潔隊員人數[人]","清運工員人數[人]","清運人員數[人]"
"57年",311216,311216,311216,0,0,0,0,0,311216,0,0,0,0,0,0,0,0,0,0,0,0,0,0,199,850,100.00,0,0,0,0,0,0,0
"58年",376514,421878,376514,1071,0,0,0,375443,376514,0,0,0,0,0,0,0,0,0,0,0,0,0,0,227,1032,112.05,0,0,0,0,0,0,0
"59年",405197,405197,405197,1829,0,0,0,403368,405197,0,0,0,0,0,0,0,0,0,0,0,0,0,0,233,1110,100.00,0,0,0,0,0,0,0
"60年",421878,421878,421878,0,0,0,0,421878,421878,0,0,0,0,0,0,0,0,0,0,0,0,0,0,234,1156,100.00,0,0,0,0,0,0,0
"61年",432610,432610,432610,2355,0,0,0,430255,432610,0,0,0,0,0,0,0,0,0,0,0,0,0,0,231,1182,100.00,0,0,0,0,0,0,0
"62年",456576,456576,456576,778,0,0,0,455798,456576,0,0,0,0,0,0,0,0,0,0,0,0,0,0,236,1251,100.00,0,0,0,0,0,0,0
"63年",461659,461659,461659,0,0,0,0,461659,461659,0,0,0,0,0,0,0,0,0,0,0,0,0,0,233,1265,100.00,0,0,0,0,0,0,0
"64年",497930,497930,497930,0,0,0,0,497930,497930,0,0,0,0,0,0,0,0,0,0,0,0,0,0,246,1364,100.00,0,0,0,0,0,0,0
"65年",509376,509376,509376,0,0,0,0,509376,509376,0,0,0,0,0,0,0,0,0,0,0,0,0,0,247,1392,100.00,0,0,0,0,0,0,0
"66年",598405,598405,598405,0,0,0,0,598405,598405,0,0,0,0,0,0,0,0,0,0,0,0,0,0,284,1639,100.00,0,0,0,0,0,0,0
"67年",618478,618478,618478,0,0,0,0,618478,618478,0,0,0,0,0,0,0,0,0,0,0,0,0,0,288,1694,100.00,0,0,0,0,0,0,0
"68年",646736,646736,646736,0,0,0,0,646736,646736,0,0,0,0,0,0,0,0,0,0,0,0,0,0,297,1772,100.00,0,0,0,0,0,0,0
"69年",656653,656653,656653,0,0,0,0,656653,656653,0,0,0,0,0,0,0,0,0,0,0,0,0,0,297,1794,100.00,0,0,0,0,0,0,0
"70年",755565,755565,755565,0,0,0,0,755565,755565,0,0,0,0,0,0,0,0,0,0,0,0,0,0,336,2070,100.00,0,0,0,0,0,0,0
"71年",765378,765378,765378,0,0,0,0,765378,765378,0,0,0,0,0,0,0,0,0,0,0,0,0,0,333,2097,100.00,0,0,0,0,0,0,0
"72年",781886,781886,781886,0,0,0,0,781886,781886,0,0,0,0,0,0,0,0,0,0,0,0,0,0,332,2142,100.00,0,0,0,0,0,0,0
"73年",838943,838943,838943,0,0,0,0,838943,838943,0,0,0,0,0,0,0,0,0,0,0,0,0,0,347,2292,100.00,0,0,0,0,0,0,0
"74年",923408,923408,923408,0,0,25304,0,898104,923408,0,0,0,0,0,0,0,0,0,0,0,0,0,0,373,2530,100.00,0,0,0,0,0,0,0
"75年",979781,979781,979781,0,0,979781,0,0,979781,0,0,0,0,0,0,0,0,0,0,0,0,0,0,386,2684,100.00,0,0,0,0,0,0,0
"76年",968051,968051,968051,0,0,968051,0,0,968051,0,0,0,0,0,0,0,0,0,0,0,0,0,0,371,2652,100.00,0,0,0,0,0,0,0
"77年",1058903,1058903,1058903,0,0,1058903,0,0,1058903,0,0,0,0,0,0,0,0,0,0,0,0,0,0,398,2893,100.00,0,3022,0,0,0,0,0
"78年",1145473,1145473,1145473,0,0,1145473,0,0,1145473,0,0,0,0,0,0,0,0,0,0,0,0,0,0,425,3138,100.00,0,3072,0,0,0,0,0
"79年",1220013,1220013,1220013,914,0,1219099,0,0,1220013,0,0,0,0,0,0,0,0,0,0,0,0,0,0,450,3343,100.00,0,2410,0,0,0,0,0
"80年",1321614,1321614,1321614,118882,0,1202732,0,0,1321614,0,0,0,0,0,0,0,0,0,0,0,0,0,0,486,3621,100.00,0,2004,0,0,0,0,0
"81年",1408440,1351719,1408440,204749,0,1146970,0,56721,1408440,0,0,0,0,0,0,0,0,0,0,0,0,0,0,520,3848,95.97,0,1897,0,0,0,0,0
"82年",1445069,1388721,1445069,202608,0,1186113,0,56348,1445069,0,0,0,0,0,0,0,0,0,0,0,0,0,0,540,3959,96.10,0,1922,0,0,0,0,0
"83年",1437521,1404580,1437521,542612,0,861968,0,32941,1437521,0,0,0,0,0,0,0,0,0,0,0,0,0,0,542,3938,97.71,0,1959,0,0,0,0,0
"84年",1405933,1387724,1405933,622384,0,765340,0,18209,1405933,0,0,0,0,0,0,0,0,0,0,0,0,0,0,532,3852,98.70,0,1959,0,0,0,0,0
"85年",1509597,1417612,1509597,631286,0,786326,0,91985,1509597,0,0,0,0,0,0,0,0,0,0,0,0,0,0,576,4125,93.91,0,1958,0,0,0,0,0
"86年",1487299,1520170,1460820,700759,0,792932,0,0,1460820,0,0,0,0,26479,0,0,0,0,0,0,0,0,0,572,4002,102.21,1.78,1958,0,0,4128,4128,0
"87年",1580032,1659766,1553644,1085833,0,547545,0,0,1553644,0,0,0,0,26388,0,0,0,0,0,0,0,0,0,603,4257,105.05,1.67,1924,0,0,4128,7545,0
"88年",1429717,1677252,1406766,1028372,0,625929,0,0,1406766,0,0,0,0,22951,0,0,0,0,0,0,0,0,0,541,3854,117.31,1.61,1923,0,0,4128,7545,0
"89年",1320879,1493201,1271887,838197,0,606012,0,0,1271887,0,0,0,0,48992,37917,11075,0,0,0,0,0,0,0,500,3475,113.05,3.71,1949,0,0,4126,7543,0
"90年",1049394,1049394,994312,545545,0,448767,0,0,970503,0,0,23809,0,55082,45955,9127,0,0,0,0,0,0,0,397,2724,100.00,5.25,2361,0,0,2291,2923,0
"91年",963281,963281,741890,613122,0,128470,0,298,709089,0,0,32801,0,221391,47022,174369,0,0,0,0,0,0,0,365,2033,100.00,22.98,2349,0,0,3423,4391,0
"92年",897406,897406,661474,570832,0,90642,0,0,645266,0,0,16207,0,231243,39547,191696,0,4690,2630,1336,724,4307,382,341,1812,100.00,25.77,1726,0,0,2995,5646,0
"93年",921729,921729,592464,505795,0,86669,0,0,582155,0,0,10308,0,287155,33856,253299,0,42110,32773,9337,0,42006,104,351,1619,100.00,31.15,2079,0,0,2706,5214,0
"94年",962625,962625,559769,476040,22230,83730,0,0,529098,0,0,8441,0,327437,35537,291900,5821,69598,48151,21443,5,50107,19492,367,1534,100.00,34.02,2157,0,0,2498,4980,0
"95年",957721,957721,530732,450105,8955,80422,0,205,513016,0,0,8761,0,342089,36695,305394,10313,74587,52436,21897,254,56108,18479,365,1454,100.00,35.72,2136,0,0,2141,4463,0
"96年",1000413,1000413,525555,442511,10783,83044,0,0,502325,0,0,12446,0,388087,35335,352752,8092,78679,58401,20278,0,64295,14384,380,1440,100.00,38.79,3014,0,0,2130,4389,6097
"97年",867137,867137,401381,401381,16143,0,0,0,371084,0,0,14153,0,387315,34218,353097,926,77516,58664,18852,0,68011,9505,330,1097,100.00,44.67,2986,0,0,2172,4457,6134
"98年",842374,842374,388592,388592,13808,0,0,0,363529,0,0,11256,0,371210,33963,337247,1262,81310,59411,21899,0,67277,14033,322,1065,100.00,44.07,2270,0,0,2170,4447,6124
"99年",928878,928878,390738,390738,13698,0,0,0,365540,0,0,11500,0,453021,28935,424086,1290,83829,61934,21894,0,69287,14542,355,1071,100.00,48.77,2286,0,0,2140,4408,6096
"100年",959025,959025,378591,378591,0,0,0,0,367736,0,0,10854,0,477590,26802,450788,14230,88615,65254,23361,0,72240,16375,364,1037,100.00,49.80,2584,0,0,2146,4405,6118
"101年",843699,843699,261524,261524,0,0,0,0,261524,0,0,0,0,478629,25662,452967,15478,88067,62553,25514,0,68800,19267,317,715,100.00,56.73,2711,0,0,2285,4477,6134
"102年",830676,830676,267250,267250,0,0,0,0,265912,0,0,1338,0,466450,26834,439616,16012,80964,61854,19110,0,67518,13446,310,732,100.00,56.15,2815,0,0,2241,4369,6086
"103年",840555,840555,274166,274166,0,0,0,0,267898,0,0,6268,0,473933,28520,445414,14632,77824,60358,17466,0,65721,12103,312,751,100.00,56.38,2685,0,0,2243,4340,6060
"104年",857431,857431,282756,282756,0,0,0,0,273830,0,0,8926,0,484977,31143,453834,15076,74622,58420,16202,0,63632,10990,317,775,100.00,56.56,2689,509457,115995,2354,4412,6114
"105年",783268,783268,244574,244574,0,0,0,0,244574,0,0,0,0,456832,35911,420921,13649,68213,56096,12117,0,60825,7388,290,668,100.00,58.32,2495,600714,126551,2231,4292,6125
"106年",755026,755026,205932,205932,0,0,0,0,205932,0,0,0,0,468299,38085,430213,14031,66764,57581,9183,0,62052,4712,281,564,100.00,62.02,2636,646960,132455,2180,4118,5925
"107年",750275,750275,210570,210570,0,0,0,0,172876,0,0,37694,0,459035,40840,418195,11831,68839,61121,7718,0,65309,3530,280,577,100.00,61.18,2529,598185,107082,2213,4125,5947
"108年",797948,797948,246461,246461,0,0,0,0,192678,0,0,53783,0,478901,43510,435390,10737,61849,56402,5447,0,59986,1863,300,675,100.00,60.02,2536,585687,103770,2191,4073,6009
"109年",781781,781781,225475,225475,0,0,0,0,189259,0,0,36217,0,495277,59349,435929,13622,61028,57049,3979,0,60104,925,298,616,100.00,63.35,2515,546463,72925,2180,4185,6132
"110年",759391,759391,208452,208452,0,0,0,0,182805,0,0,25647,0,493402,62207,431196,11943,57537,54759,2778,0,57032,504,296,571,100.00,64.97,2636,285158,127050,2134,4109,6080
"111年",768277,768277,208756,208756,0,0,0,0,128518,0,0,80238,0,508105,61520,446585,11984,51415,48660,2755,0,50631,784,307,572,100.00,66.14,2536,393719,55194,2163,4118,6097
"112年",989727,989727,294274,294274,0,0,0,0,233087,0,0,61187,0,647708,61647,586061,11552,47745,44870,2875,0,46777,968,396,806,100.00,65.44,2512,516082,67202,2141,4021,6084
"113年",1080074,1080074,319343,319343,0,0,0,0,255916,0,0,63427,0,715651,65607,650044,12297,45080,42484,2596,0,44193,887,432,873,100.00,66.26,1085,575795,85976,2152,3931,6058
"114年",1040208,1040208,290733,290733,0,0,0,0,226795,0,0,63938,0,707562,65935,641627,10485,41913,40057,1856,0,41172,740,422,797,100.00,68.02,978,551036,190227,2120,4015,6020

